DOEID,REGIONC,DIVISION,REPORTABLE_DOMAIN,TYPEHUQ,NWEIGHT,HDD65,CDD65,HDD30YR,CDD30YR,Climate_Region_Pub,AIA_Zone,KOWNRENT,CONDCOOP,YEARMADE,YEARMADERANGE,OCCUPYYRANGE,CONVERSION,ORIG1FAM,LOOKLIKE,NUMFLRS,NUMAPTS,WALLTYPE,ROOFTYPE,STUDIO,NAPTFLRS,STORIES,TYPEHUQ4,BEDROOMS,NCOMBATH,NHAFBATH,OTHROOMS,TOTROOMS,CELLAR,CRAWL,CONCRETE,BASEFIN,FINBASERMS,BASEHEAT,BASEHT2,PCTBSTHT,BASECOOL,BASECL2,PCTBSTCL,BASEUSE,ATTIC,ATTICFIN,FINATTRMS,ATTCHEAT,ATTCHT2,PCTATTHT,ATTCCOOL,ATTCCL2,PCTATTCL,ATTICUSE,PRKGPLC1,SIZEOFGARAGE,GARGLOC,GARGHEAT,GARGCOOL,PRKGPLC2,SIZEOFDETACH,OUTLET,ZKOWNRENT,ZCONDCOOP,ZYEARMADE,ZYEARMADERANGE,ZOCCUPYYRANGE,ZCONVERSION,ZORIG1FAM,ZLOOKLIKE,ZNUMFLRS,ZNUMAPTS,ZWALLTYPE,ZROOFTYPE,ZSTUDIO,ZNAPTFLRS,ZSTORIES,ZTYPEHUQ4,ZBEDROOMS,ZNCOMBATH,ZNHAFBATH,ZOTHROOMS,ZCELLAR,ZCRAWL,ZCONCRETE,ZBASEFIN,ZFINBASERMS,ZBASEHEAT,ZBASEHT2,ZPCTBSTHT,ZBASECOOL,ZBASECL2,ZPCTBSTCL,ZBASEUSE,ZATTIC,ZATTICFIN,ZFINATTRMS,ZATTCHEAT,ZATTCHT2,ZPCTATTHT,ZATTCCOOL,ZPCTATTCL,ZATTCCL2,ZATTICUSE,ZPRKGPLC1,ZSIZEOFGARAGE,ZGARGLOC,ZGARGHEAT,ZGARGCOOL,ZPRKGPLC2,ZSIZEOFDETACH,STOVEN,STOVENFUEL,STOVE,STOVEFUEL,OVEN,OVENFUEL,OVENUSE,OVENCLN,TYPECLN,MICRO,AMTMICRO,DEFROST,OUTGRILL,OUTGRILLFUEL,TOPGRILL,STGRILA,TOASTER,NUMMEAL,FUELFOOD,COFFEE,NUMFRIG,TYPERFR1,SIZRFRI1,REFRIGT1,ICE,AGERFRI1,ESFRIG,REPLCFRI,HELPFRI,HELPFRIY,TYPERFR2,SIZRFRI2,REFRIGT2,MONRFRI2,AGERFRI2,ESFRIG2,TYPERFR3,SIZRFRI3,REFRIGT3,MONRFRI3,AGERFRI3,ESFRIG3,SEPFREEZ,NUMFREEZ,UPRTFRZR,SIZFREEZ,FREEZER,AGEFRZR,REPLCFRZ,HELPFRZ,HELPFRZY,UPRTFRZR2,SIZFREEZ2,FREEZER2,AGEFRZR2,DISHWASH,DWASHUSE,AGEDW,ESDISHW,REPLCDW,HELPDW,HELPDWY,ZSTOVEN,ZSTOVENFUEL,ZSTOVE,ZSTOVEFUEL,ZOVEN,ZOVENFUEL,ZOVENUSE,ZOVENCLN,ZTYPECLN,ZMICRO,ZAMTMICRO,ZDEFROST,ZOUTGRILL,ZOUTGRILLFUEL,ZTOPGRILL,ZSTGRILA,ZTOASTER,ZNUMMEAL,ZFUELFOOD,ZCOFFEE,ZNUMFRIG,ZTYPERFR1,ZSIZRFRI1,ZREFRIGT1,ZICE,ZAGERFRI1,ZTYPERFR2,ZSIZRFRI2,ZREFRIGT2,ZMONRFRI2,ZAGERFRI2,ZTYPERFR3,ZSIZRFRI3,ZREFRIGT3,ZMONRFRI3,ZAGERFRI3,ZSEPFREEZ,ZNUMFREEZ,ZUPRTFRZR,ZSIZFREEZ,ZFREEZER,ZAGEFRZR,ZUPRTFRZR2,ZSIZFREEZ2,ZFREEZER2,ZAGEFRZR2,ZDISHWASH,ZDWASHUSE,ZAGEDW,CWASHER,TOPFRONT,WASHLOAD,WASHTEMP,RNSETEMP,AGECWASH,ESCWASH,REPLCCW,HELPCW,HELPCWY,DRYER,DRYRFUEL,DRYRUSE,AGECDRYER,TVCOLOR,TVSIZE1,TVTYPE1,CABLESAT1,COMBODVR1,DVR1,DIGITSTB1,PLAYSTA1,COMBOVCRDVD1,VCR1,DVD1,TVAUDIOSYS1,OTHERSTB1,TVONWD1,TVONWDWATCH1,TVONWE1,TVONWEWATCH1,TVSIZE2,TVTYPE2,CABLESAT2,COMBODVR2,DVR2,DIGITSTB2,PLAYSTA2,COMBOVCRDVD2,VCR2,DVD2,TVAUDIOSYS2,OTHERSTB2,TVONWD2,TVONWDWATCH2,TVONWE2,TVONWEWATCH2,TVSIZE3,TVTYPE3,CABLESAT3,COMBODVR3,DVR3,DIGITSTB3,PLAYSTA3,COMBOVCRDVD3,VCR3,DVD3,TVAUDIOSYS3,OTHERSTB3,TVONWD3,TVONWDWATCH3,TVONWE3,TVONWEWATCH3,COMPUTER,NUMPC,PCTYPE1,MONITOR1,TIMEON1,PCONOFF1,PCSLEEP1,PCTYPE2,MONITOR2,TIMEON2,PCONOFF2,PCSLEEP2,PCTYPE3,MONITOR3,TIMEON3,PCONOFF3,PCSLEEP3,INTERNET,INDIALUP,INDSL,INCABLE,INSATEL,INWIRELESS,PCPRINT,FAX,COPIER,WELLPUMP,DIPSTICK,SWAMPCOL,AQUARIUM,STEREO,NOCORD,ANSMACH,BATTOOLS,BATCHRG,CHRGPLGT,ELECDEV,ELECCHRG,CHRGPLGE,ZCWASHER,ZTOPFRONT,ZWASHLOAD,ZWASHTEMP,ZRNSETEMP,ZAGECWASH,ZDRYER,ZDRYRFUEL,ZDRYRUSE,ZAGECDRYER,ZTVCOLOR,ZTVSIZE1,ZTVTYPE1,ZCABLESAT1,ZCOMBODVR1,ZDVR1,ZDIGITSTB1,ZPLAYSTA1,ZCOMBOVCRDVD1,ZVCR1,ZDVD1,ZTVAUDIOSYS1,ZOTHERSTB1,ZTVONWD1,ZTVONWDWATCH1,ZTVONWE1,ZTVONWEWATCH1,ZTVSIZE2,ZTVTYPE2,ZCABLESAT2,ZCOMBODVR2,ZDVR2,ZDIGITSTB2,ZPLAYSTA2,ZCOMBOVCRDVD2,ZVCR2,ZDVD2,ZTVAUDIOSYS2,ZOTHERSTB2,ZTVONWD2,ZTVONWDWATCH2,ZTVONWE2,ZTVONWEWATCH2,ZTVSIZE3,ZTVTYPE3,ZCABLESAT3,ZCOMBODVR3,ZDVR3,ZDIGITSTB3,ZPLAYSTA3,ZCOMBOVCRDVD3,ZVCR3,ZDVD3,ZTVAUDIOSYS3,ZOTHERSTB3,ZTVONWD3,ZTVONWDWATCH3,ZTVONWE3,ZTVONWEWATCH3,ZCOMPUTER,ZNUMPC,ZPCTYPE1,ZMONITOR1,ZTIMEON1,ZPCONOFF1,ZPCSLEEP1,ZPCTYPE2,ZMONITOR2,ZTIMEON2,ZPCONOFF2,ZPCSLEEP2,ZPCTYPE3,ZMONITOR3,ZTIMEON3,ZPCONOFF3,ZPCSLEEP3,ZINTERNET,ZINDIALUP,ZINDSL,ZINCABLE,ZINSATEL,ZINWIRELESS,ZPCPRINT,ZFAX,ZCOPIER,ZWELLPUMP,ZDIPSTICK,ZSWAMPCOL,ZAQUARIUM,ZSTEREO,ZNOCORD,ZANSMACH,ZBATTOOLS,ZBATCHRG,ZCHRGPLGT,ZELECDEV,ZELECCHRG,ZCHRGPLGE,HEATHOME,DNTHEAT,EQUIPNOHEAT,FUELNOHEAT,EQUIPM,FUELHEAT,MAINTHT,EQUIPAGE,REPLCHT,HELPHT,HELPHTY,HEATOTH,EQUIPAUX,REVERSE,WARMAIR,FURNFUEL,STEAMR,RADFUEL,PERMELEC,PIPELESS,PIPEFUEL,ROOMHEAT,RMHTFUEL,WOODKILN,HSFUEL,CARRYEL,CARRYKER,CHIMNEY,FPFUEL,NGFPFLUE,USENGFP,RANGE,RNGFUEL,DIFEQUIP,DIFFUEL,EQMAMT,HEATROOM,THERMAIN,NUMTHERM,PROTHERM,AUTOHEATNITE,AUTOHEATDAY,TEMPHOME,TEMPGONE,TEMPNITE,MOISTURE,USEMOISTURE,ZHEATHOME,ZDNTHEAT,ZEQUIPNOHEAT,ZFUELNOHEAT,ZEQUIPM,ZFUELHEAT,ZMAINTHT,ZEQUIPAGE,ZHEATOTH,ZFURNFUEL,ZRADFUEL,ZPIPEFUEL,ZRMHTFUEL,ZHSFUEL,ZFPFUEL,ZNGFPFLUE,ZUSENGFP,ZRNGFUEL,ZDIFFUEL,ZEQMAMT,ZHEATROOM,ZTHERMAIN,ZNUMTHERM,ZPROTHERM,ZAUTOHEATNITE,ZAUTOHEATDAY,ZTEMPHOME,ZTEMPGONE,ZTEMPNITE,ZMOISTURE,ZUSEMOISTURE,NUMH2ONOTNK,NUMH2OHTRS,H2OTYPE1,FUELH2O,WHEATOTH,WHEATSIZ,WHEATAGE,WHEATBKT,HELPWH,HELPWHY,H2OTYPE2,FUELH2O2,WHEATSIZ2,WHEATAGE2,ZNUMH2OHTRS,ZNUMH2ONOTNK,ZH2OTYPE1,ZFUELH2O,ZWHEATOTH,ZWHEATSIZ,ZWHEATAGE,ZWHEATBKT,ZH2OTYPE2,ZFUELH2O2,ZWHEATSIZ2,ZWHEATAGE2,AIRCOND,DNTAC,COOLTYPENOAC,COOLTYPE,DUCTS,CENACHP,ACOTHERS,MAINTAC,AGECENAC,REPLCCAC,HELPCAC,HELPCACY,ACROOMS,USECENAC,THERMAINAC,PROTHERMAC,AUTOCOOLNITE,AUTOCOOLDAY,TEMPHOMEAC,TEMPGONEAC,TEMPNITEAC,NUMBERAC,WWACAGE,ESWWAC,REPLCWWAC,HELPWWAC,HELPWWACY,USEWWAC,NUMCFAN,USECFAN,TREESHAD,NOTMOIST,USENOTMOIST,ZAIRCOND,ZDNTAC,ZCOOLTYPENOAC,ZCOOLTYPE,ZDUCTS,ZCENACHP,ZACOTHERS,ZMAINTAC,ZAGECENAC,ZUSECENAC,ZACROOMS,ZTHERMAINAC,ZPROTHERMAC,ZAUTOCOOLNITE,ZAUTOCOOLDAY,ZTEMPHOMEAC,ZTEMPGONEAC,ZTEMPNITEAC,ZNUMBERAC,ZWWACAGE,ZUSEWWAC,ZNUMCFAN,ZUSECFAN,ZTREESHAD,ZNOTMOIST,ZUSENOTMOIST,HIGHCEIL,CATHCEIL,SWIMPOOL,POOL,FUELPOOL,RECBATH,FUELTUB,LGT12,LGT12EE,LGT4,LGT4EE,LGT1,LGT1EE,NOUTLGTNT,LGTOEE,NGASLIGHT,INSTLCFL,HELPCFL,HELPCFLY,SLDDRS,DOOR1SUM,WINDOWS,TYPEGLASS,NEWGLASS,HELPWIN,HELPWINY,ADQINSUL,INSTLINS,AGEINS,HELPINS,HELPINSY,DRAFTY,INSTLWS,AGEWS,HELPWS,HELPWSY,AUDIT,AGEAUD,HELPAUD,HELPAUDY,ZHIGHCEIL,ZCATHCEIL,ZSWIMPOOL,ZPOOL,ZFUELPOOL,ZRECBATH,ZFUELTUB,ZLGT12,ZLGT4,ZLGT1,ZNOUTLGTNT,ZNGASLIGHT,ZSLDDRS,ZDOOR1SUM,ZWINDOWS,ZTYPEGLASS,ZNEWGLASS,ZADQINSUL,ZINSTLINS,ZAGEINS,ZDRAFTY,ZINSTLWS,ZAGEWS,ZAUDIT,ZAGEAUD,USEEL,USENG,USELP,USEFO,USEKERO,USEWOOD,USESOLAR,USEOTH,ELWARM,ELECAUX,ELCOOL,ELWATER,ELFOOD,ELOTHER,UGWARM,UGASAUX,UGWATER,UGCOOK,UGOTH,LPWARM,LPGAUX,LPWATER,LPCOOK,LPOTHER,FOWARM,FOILAUX,FOWATER,FOOTHER,KRWARM,KEROAUX,KRWATER,KROTHER,WDWARM,WOODAUX,WDWATER,WDOTHUSE,SOLWARM,SOLARAUX,SOLWATER,SOLOTHER,OTHWARM,OTHERAUX,OTHWATER,OTHCOOK,ONSITE,ONSITEGRID,PELHEAT,PELHOTWA,PELCOOK,PELAC,PELLIGHT,OTHERWAYEL,PGASHEAT,PGASHTWA,PUGCOOK,PUGOTH,OTHERWAYNG,FOPAY,OTHERWAYFO,LPGPAY,OTHERWAYLPG,LPGDELV,KERODEL,KEROCASH,NOCRCASH,NKRGALNC,WOODLOGS,WDSCRAP,WDPELLET,WDOTHER,WOODAMT,NUMCORDS,ZONSITE,ZONSITEGRID,ZPELHEAT,ZPELHOTWA,ZPELCOOK,ZPELAC,ZPELLIGHT,ZOTHERWAYEL,ZPGASHEAT,ZPGASHTWA,ZPUGCOOK,ZPUGOTH,ZOTHERWAYNG,ZFOPAY,ZOTHERWAYFO,ZLPGPAY,ZOTHERWAYLPG,ZKERODEL,ZKEROCASH,ZNOCRCASH,ZNKRGALNC,ZWOODLOGS,ZWDSCRAP,ZWDPELLET,ZWDOTHER,ZWOODAMT,ZNUMCORDS,KFUELOT,HHSEX,EMPLOYHH,SPOUSE,SDESCENT,Householder_Race,EDUCATION,NHSLDMEM,HHAGE,AGEHHMEMCAT2,AGEHHMEMCAT3,AGEHHMEMCAT4,AGEHHMEMCAT5,AGEHHMEMCAT6,AGEHHMEMCAT7,AGEHHMEMCAT8,AGEHHMEMCAT9,AGEHHMEMCAT10,AGEHHMEMCAT11,AGEHHMEMCAT12,AGEHHMEMCAT13,AGEHHMEMCAT14,HBUSNESS,ATHOME,TELLWORK,TELLDAYS,OTHWORK,WORKPAY,RETIREPY,SSINCOME,CASHBEN,INVESTMT,RGLRPAY,MONEYPY,POVERTY100,POVERTY150,HUPROJ,RENTHELP,FOODASST,ZHHSEX,ZHHAGE,ZEMPLOYHH,ZSPOUSE,ZSDESCENT,ZHouseholder_Race,ZEDUCATION,ZNHSLDMEM,ZAGEHHMEMCAT2,ZAGEHHMEMCAT3,ZAGEHHMEMCAT4,ZAGEHHMEMCAT5,ZAGEHHMEMCAT6,ZAGEHHMEMCAT7,ZAGEHHMEMCAT8,ZAGEHHMEMCAT9,ZAGEHHMEMCAT10,ZAGEHHMEMCAT11,ZAGEHHMEMCAT12,ZAGEHHMEMCAT13,ZAGEHHMEMCAT14,ZHBUSNESS,ZATHOME,ZTELLWORK,ZTELLDAYS,ZOTHWORK,ZWORKPAY,ZRETIREPY,ZSSINCOME,ZCASHBEN,ZINVESTMT,ZRGLRPAY,ZMONEYPY,ZHUPROJ,ZRENTHELP,ZFOODASST,TOTSQFT,TOTSQFT_EN,TOTHSQFT,TOTUSQFT,TOTCSQFT,TOTUCSQFT,ZTOTSQFT,ZTOTSQFT_EN,ZTOTHSQFT,ZTOTUSQFT,ZTOTCSQFT,ZTOTUCSQFT,KWH,KWHSPH,KWHCOL,KWHWTH,KWHRFG,KWHOTH,BTUEL,BTUELSPH,BTUELCOL,BTUELWTH,BTUELRFG,BTUELOTH,DOLLAREL,DOLELSPH,DOLELCOL,DOLELWTH,DOLELRFG,DOLELOTH,CUFEETNG,CUFEETNGSPH,CUFEETNGWTH,CUFEETNGOTH,BTUNG,BTUNGSPH,BTUNGWTH,BTUNGOTH,DOLLARNG,DOLNGSPH,DOLNGWTH,DOLNGOTH,GALLONLP,GALLONLPSPH,GALLONLPWTH,GALLONLPOTH,BTULP,BTULPSPH,BTULPWTH,BTULPOTH,DOLLARLP,DOLLPSPH,DOLLPWTH,DOLLPOTH,GALLONFO,GALLONFOSPH,GALLONFOWTH,GALLONFOOTH,BTUFO,BTUFOSPH,BTUFOWTH,BTUFOOTH,DOLLARFO,DOLFOSPH,DOLFOWTH,DOLFOOTH,GALLONKER,GALLONKERSPH,GALLONKERWTH,GALLONKEROTH,BTUKER,BTUKERSPH,BTUKERWTH,BTUKEROTH,DOLLARKER,DOLKERSPH,DOLKERWTH,DOLKEROTH,BTUWOOD,CORDSWD,TOTALBTU,TOTALBTUSPH,TOTALBTUCOL,TOTALBTUWTH,TOTALBTURFG,TOTALBTUOTH,TOTALDOL,TOTALDOLSPH,TOTALDOLCOL,TOTALDOLWTH,TOTALDOLRFG,TOTALDOLOTH,KAVALEL,PERIODEL,SCALEEL,KAVALNG,PERIODNG,SCALENG,PERIODLP,SCALELP,PERIODFO,SCALEFO,PERIODKR,SCALEKER
1,2,4,12,2,2471.679705,4742,1080,4953,1271,4,3,1,-2,2004,7,8,-2,-2,-2,-2,-2,1,5,-2,-2,20,-2,4,1,2,5,9,1,0,0,1,1,1,2,3,1,2,3,1,0,-2,-2,-2,-2,-2,-2,-2,-2,-2,1,2,2,0,0,-2,-2,1,0,0,0,0,0,0,0,0,0,0,0,0,0,0,0,0,0,0,0,0,0,0,0,0,0,0,0,0,0,0,0,0,0,0,0,0,0,0,0,0,0,0,0,0,0,0,0,0,0,1,5,0,-2,0,-2,3,1,1,1,3,1,1,2,0,-2,0,4,5,1,2,21,4,2,1,3,1,-2,-2,-2,21,4,2,12,3,1,-2,-2,-2,-2,-2,-2,0,-2,-2,-2,-2,-2,-2,-2,-2,-2,-2,-2,-2,1,13,3,1,-2,-2,-2,0,0,0,0,0,0,0,0,0,0,0,0,0,0,0,0,0,0,0,0,0,0,0,0,0,0,0,0,0,0,0,0,0,0,0,0,0,0,0,0,0,0,0,0,0,0,0,0,0,1,2,2,3,3,2,1,1,0,-2,1,5,1,1,4,3,2,1,1,-2,0,1,0,0,1,1,0,3,4,3,4,3,4,1,1,-2,0,0,0,0,0,0,0,2,-2,2,-2,3,3,0,-2,0,0,0,0,0,1,0,0,3,-2,2,-2,1,2,1,1,3,0,1,1,1,3,0,1,-2,-2,-2,-2,-2,1,0,1,0,0,1,1,0,0,0,-2,-2,0,0,1,1,1,2,0,1,2,0,0,0,0,0,0,0,0,0,0,0,0,0,0,0,0,0,0,0,0,0,0,0,0,0,0,0,0,0,0,0,0,0,0,0,0,0,0,0,0,0,0,0,0,0,0,0,0,0,0,0,0,0,0,0,0,0,0,0,0,0,0,0,0,0,0,0,0,0,0,0,0,0,0,0,0,0,0,0,0,0,0,0,0,0,0,0,0,0,0,0,0,0,0,0,0,0,0,0,1,-2,-2,-2,3,5,0,3,-2,-2,-2,0,0,0,0,-2,0,-2,0,0,-2,0,-2,0,-2,0,0,0,-2,-2,-2,0,-2,0,-2,-2,9,1,2,1,1,1,68,66,68,0,-2,0,0,0,0,0,0,0,0,0,0,0,0,0,0,0,0,0,0,0,0,0,0,0,0,0,0,0,0,0,0,0,0,1,1,5,0,3,3,0,-2,-2,-2,-2,-2,-2,0,0,0,0,0,0,0,0,0,0,0,0,1,-2,-2,1,-2,0,0,1,3,-2,0,-2,9,3,1,1,1,1,74,78,73,-2,-2,-2,-2,-2,-2,-2,3,3,0,0,-2,0,0,0,0,0,0,0,0,0,0,0,0,0,0,0,0,0,0,0,0,0,0,0,0,0,0,0,-2,0,-2,-2,0,-2,3,3,2,2,2,2,0,-2,-2,1,0,-2,1,1,41,2,3,-2,-2,1,1,2,0,-2,4,0,-2,-2,-2,0,-2,-2,-2,0,0,0,0,0,0,0,0,0,0,0,0,0,0,0,0,0,0,0,0,0,0,0,0,0,1,0,1,0,0,0,0,0,1,0,1,1,1,1,0,0,0,0,0,0,0,0,0,1,0,0,0,0,0,0,0,0,0,0,0,0,0,0,0,0,0,0,0,0,0,-2,1,1,1,1,1,-2,-2,-2,-2,-2,-2,-2,-2,-2,-2,-2,-2,-2,-2,-2,-2,-2,-2,-2,-2,-2,0,0,0,0,0,0,0,0,0,0,0,0,0,0,0,0,0,0,0,0,0,0,0,0,0,0,0,0,1,1,1,0,1,5,4,35,8,1,1,-2,-2,-2,-2,-2,-2,-2,-2,-2,-2,0,0,0,-2,0,1,0,0,0,0,0,23,0,0,-2,-2,0,0,0,0,0,0,0,0,0,0,0,0,0,0,0,0,0,0,0,0,0,0,0,0,0,0,0,0,0,0,0,0,0,0,0,0,0,5075,4675,3958,1118,3958,1118,0,0,0,0,0,0,18466,3186.707,3068.795,2968.45,1515.504,7726.545,63006,10873.045,10470.729,10128.354,5170.899,26362.973,1315,226.932,218.535,211.389,107.922,550.222,0,0,0,0,0,0,0,0,0,0,0,0,0,0,0,0,0,0,0,0,0,0,0,0,0,0,0,0,0,0,0,0,0,0,0,0,0,0,0,0,0,0,0,0,0,0,0,0,0,0,63006,10873,10471,10128,5171,26363,1315,227,219,211,108,550,1,1,0,-2,-2,-2,-2,-2,-2,-2,-2,-2
2,4,10,26,2,8599.17201,2662,199,2688,143,5,4,2,-2,1998,6,8,-2,-2,-2,-2,-2,2,2,-2,-2,31,-2,3,2,1,1,4,0,0,0,-2,-2,-2,-2,-2,-2,-2,-2,-2,0,-2,-2,-2,-2,-2,-2,-2,-2,-2,1,2,3,0,0,-2,-2,1,0,0,0,0,0,0,0,0,0,0,0,0,0,0,0,0,0,0,0,0,0,0,0,0,0,0,0,0,0,0,0,0,0,0,0,0,0,0,0,0,0,0,0,0,0,0,0,0,0,1,1,0,-2,0,-2,4,1,2,1,3,1,1,21,0,-2,0,4,1,1,1,21,4,2,1,41,-2,-2,-2,-2,-2,-2,-2,-2,-2,-2,-2,-2,-2,-2,-2,-2,0,-2,-2,-2,-2,-2,-2,-2,-2,-2,-2,-2,-2,0,-2,-2,-2,-2,-2,-2,0,0,0,0,0,0,0,0,0,0,0,0,0,0,0,0,0,0,0,0,0,0,0,0,0,0,0,0,0,0,0,0,0,0,0,0,0,0,0,0,0,0,0,0,0,0,0,0,0,1,1,2,3,3,2,1,0,-2,-2,1,1,1,3,2,3,2,1,0,0,0,1,1,0,0,0,0,2,4,4,4,2,2,1,0,0,1,0,0,0,0,0,0,2,-2,2,-2,-2,-2,-2,-2,-2,-2,-2,-2,-2,-2,-2,-2,-2,-2,-2,-2,1,2,1,1,3,1,-2,2,-2,2,1,-2,-2,-2,-2,-2,-2,1,0,0,1,0,1,1,0,0,0,-2,0,0,0,0,0,0,-2,-2,2,2,0,0,0,0,0,0,0,0,0,0,0,0,0,0,0,0,0,0,0,0,0,0,0,0,0,0,0,0,0,0,0,0,0,0,0,0,0,0,0,0,0,0,0,0,0,0,0,0,0,0,0,0,0,0,0,0,0,0,0,0,0,0,0,0,0,0,0,0,0,0,0,0,0,0,0,0,0,0,0,0,0,0,0,0,0,0,0,0,0,0,0,0,0,0,0,0,0,0,0,1,-2,-2,-2,3,1,0,41,-2,-2,-2,0,1,0,0,-2,0,-2,0,0,-2,0,-2,0,-2,0,0,1,7,-2,-2,0,-2,0,-2,1,4,1,1,0,-2,-2,70,70,73,0,-2,0,0,0,0,0,0,0,0,0,0,0,0,0,0,0,0,0,0,0,0,0,0,0,0,0,0,0,0,0,0,0,0,1,1,1,0,3,41,0,-2,-2,-2,-2,-2,-2,0,0,0,0,0,1,0,0,0,0,0,0,1,-2,-2,1,-2,0,0,0,41,-2,-2,-2,4,1,1,0,-2,-2,-2,-2,-2,-2,-2,-2,-2,-2,-2,-2,0,-2,0,0,-2,0,0,0,0,0,1,0,0,0,0,0,0,0,0,0,0,0,0,0,0,0,0,0,0,0,0,1,1,0,-2,-2,0,-2,0,-2,0,-2,0,-2,0,-2,-2,-2,-2,-2,0,0,41,2,3,-2,-2,3,0,-2,-2,-2,1,0,-2,-2,-2,0,-2,-2,-2,0,0,0,0,0,0,0,0,0,0,0,0,0,0,0,0,0,0,0,0,0,0,0,0,0,1,1,0,0,0,1,0,1,0,0,1,0,0,1,1,0,1,1,1,0,0,0,0,0,0,0,0,0,0,0,0,0,1,1,0,0,0,0,0,0,0,0,0,0,0,-2,-2,-2,-2,1,1,-2,1,1,1,1,-2,-2,-2,-2,-2,-2,-2,-2,-2,-2,0,0,0,1,2,-2,0,0,0,0,0,0,0,0,0,0,0,0,0,0,0,0,0,0,0,0,0,0,0,0,0,1,0,0,1,1,0,0,2,2,6,40,4,4,3,2,1,-2,-2,-2,-2,-2,-2,-2,-2,0,1,0,-2,0,1,0,0,0,0,0,9,0,1,0,1,0,0,0,0,0,0,0,0,0,0,0,0,0,0,0,0,0,0,0,0,0,0,0,0,0,0,0,0,0,0,0,0,0,0,0,0,0,3136,2736,2736,400,2736,400,1,1,1,1,1,1,5148,0,181.998,0,1310.22,3655.782,17565,0,620.979,0,4470.477,12473.544,475,0,16.793,0,120.893,337.315,838,376.643,293.756,167.601,85895,38605.955,30109.973,17179.073,818,367.654,286.745,163.601,0,0,0,0,0,0,0,0,0,0,0,0,0,0,0,0,0,0,0,0,0,0,0,0,0,0,0,0,0,0,0,0,0,0,0,0,20000,1,103460,38606,621,30110,4470,29653,1293,368,17,287,121,501,1,1,0,1,1,0,-2,-2,-2,-2,-2,-2
3,1,1,1,5,8969.915921,6233,505,5741,829,1,2,2,-2,1965,3,7,-2,-2,-2,2,8,1,-2,0,1,-2,-2,1,1,0,1,2,-2,-2,-2,-2,-2,-2,-2,-2,-2,-2,-2,-2,-2,-2,-2,-2,-2,-2,-2,-2,-2,-2,-2,-2,-2,-2,-2,-2,-2,1,0,0,0,0,0,0,0,0,0,0,0,0,0,0,0,0,0,0,0,0,0,0,0,0,0,0,0,0,0,0,0,0,0,0,0,0,0,0,0,0,0,0,0,0,0,0,0,0,0,1,1,0,-2,0,-2,3,1,2,1,2,0,0,-2,0,-2,0,3,1,0,1,22,3,2,0,3,0,-2,-2,-2,-2,-2,-2,-2,-2,-2,-2,-2,-2,-2,-2,-2,0,-2,-2,-2,-2,-2,-2,-2,-2,-2,-2,-2,-2,0,-2,-2,-2,-2,-2,-2,0,0,0,0,0,0,0,0,0,0,0,0,0,0,0,0,0,0,0,0,0,0,0,0,0,0,0,0,0,0,0,0,0,0,0,0,0,0,0,0,0,0,0,0,0,0,0,0,0,0,-2,-2,-2,-2,-2,-2,-2,-2,-2,0,-2,-2,-2,1,2,1,0,-2,0,0,0,1,0,0,0,0,2,-2,3,-2,-2,-2,-2,-2,-2,-2,-2,-2,-2,-2,-2,-2,-2,-2,-2,-2,-2,-2,-2,-2,-2,-2,-2,-2,-2,-2,-2,-2,-2,-2,-2,-2,1,1,1,1,2,1,-2,-2,-2,-2,-2,-2,-2,-2,-2,-2,-2,1,0,1,0,0,0,1,0,0,-2,-2,-2,0,1,1,1,0,-2,-2,1,2,0,0,0,0,0,0,0,0,0,0,0,0,0,0,0,0,0,0,0,0,0,0,0,0,0,0,0,0,0,0,0,0,0,0,0,0,0,0,0,0,0,0,0,0,0,0,0,0,0,0,0,0,0,0,0,0,0,0,0,0,0,0,0,0,0,0,0,0,0,0,0,0,0,0,0,0,0,0,0,0,0,0,0,0,0,0,0,0,0,0,0,0,0,0,0,0,0,0,0,1,-2,-2,-2,2,1,0,2,0,-2,-2,1,0,0,0,-2,0,-2,0,0,-2,0,-2,0,-2,0,0,0,-2,-2,-2,0,-2,0,-2,-2,2,1,1,0,-2,-2,68,60,65,0,-2,0,0,0,0,0,0,0,0,0,0,0,0,0,0,0,0,0,0,0,0,0,0,0,0,0,0,0,0,0,0,0,0,1,1,1,1,3,5,0,-2,-2,-2,-2,-2,-2,0,0,0,0,0,1,0,1,0,0,0,0,1,-2,-2,2,-2,-2,-2,-2,-2,-2,-2,-2,-2,-2,-2,-2,-2,-2,-2,-2,-2,1,3,0,-2,-2,-2,2,1,2,1,0,-2,0,0,0,0,0,0,0,0,0,0,0,0,0,0,0,0,0,0,0,0,0,0,0,0,0,0,0,-2,-2,-2,-2,0,-2,0,-2,2,2,2,2,-2,-2,-2,1,0,-2,0,0,20,1,3,-2,-2,2,0,-2,-2,-2,4,0,-2,-2,-2,0,-2,-2,-2,0,0,0,0,0,0,0,0,0,0,0,0,0,0,0,0,0,0,0,0,0,0,0,0,0,1,1,0,0,0,0,0,0,0,0,1,0,0,1,1,0,1,1,0,0,0,0,0,0,0,0,0,0,0,0,0,0,0,0,0,0,0,0,0,0,0,0,0,0,0,-2,-2,-2,-2,-2,1,-2,2,2,2,-2,-2,-2,-2,-2,-2,-2,-2,-2,-2,-2,-2,-2,-2,-2,-2,-2,0,0,0,0,0,0,0,0,0,0,0,0,0,0,0,0,0,0,0,0,0,0,0,0,0,0,0,0,1,1,0,0,1,6,1,45,-2,-2,-2,-2,-2,-2,-2,-2,-2,-2,-2,-2,-2,0,0,0,-2,0,1,0,0,0,0,0,18,0,0,0,0,0,0,0,0,0,0,0,0,0,0,0,0,0,0,0,0,0,0,0,0,0,0,0,0,0,0,0,0,0,0,0,0,0,0,0,0,0,528,528,528,0,264,264,0,0,0,0,0,0,2218,0,184.459,0,915.664,1117.878,7568,0,629.389,0,3124.32,3814.291,588,0,48.901,0,242.746,296.353,499,392.662,77.394,28.944,51148,40248.226,7932.978,2966.796,739,581.517,114.618,42.865,0,0,0,0,0,0,0,0,0,0,0,0,0,0,0,0,0,0,0,0,0,0,0,0,0,0,0,0,0,0,0,0,0,0,0,0,0,0,58716,40248,629,7933,3124,6781,1327,582,49,115,243,339,1,1,0,3,5,3,-2,-2,-2,-2,-2,-2
4,2,3,7,2,18003.6396,6034,672,5781,868,1,2,1,-2,1985,5,5,-2,-2,-2,-2,-2,6,5,-2,-2,10,-2,3,2,1,4,7,0,1,0,-2,-2,-2,-2,-2,-2,-2,-2,-2,0,-2,-2,-2,-2,-2,-2,-2,-2,-2,1,2,2,0,0,-2,-2,1,0,0,0,0,0,0,0,0,0,0,0,0,0,0,0,0,0,0,0,0,0,0,0,0,0,0,0,0,0,0,0,0,0,0,0,0,0,0,0,0,0,0,0,0,0,0,0,0,0,0,-2,1,5,1,5,4,1,2,1,1,0,1,1,1,5,0,2,5,1,2,22,4,2,0,2,1,1,0,-2,22,3,2,12,5,-2,-2,-2,-2,-2,-2,-2,0,-2,-2,-2,-2,-2,-2,-2,-2,-2,-2,-2,-2,1,20,2,-9,1,0,-2,0,0,0,0,0,0,0,0,0,0,0,0,0,0,0,0,0,0,0,0,0,0,0,0,0,0,0,0,0,0,0,0,0,0,0,0,0,0,0,0,0,0,0,0,0,0,0,0,0,1,1,2,2,3,1,1,1,1,5,1,5,1,1,5,3,1,1,0,0,0,0,0,1,1,0,0,4,-2,3,-2,1,1,1,0,0,0,0,0,0,0,0,0,3,-2,3,-2,1,1,1,0,0,0,0,0,0,0,0,0,2,-2,2,-2,1,2,1,1,2,0,1,2,-2,2,1,-2,-2,-2,-2,-2,-2,1,0,0,1,0,1,0,1,0,0,-2,-2,0,1,1,1,0,-2,-2,1,2,1,0,0,0,0,0,0,0,0,0,0,0,0,0,0,1,1,0,0,0,0,0,0,0,0,0,0,0,0,0,0,0,0,0,0,0,0,0,0,0,0,0,0,0,0,0,0,0,0,0,0,0,0,0,0,0,0,0,0,0,0,0,0,0,0,0,0,0,0,0,0,0,0,0,0,0,0,0,0,0,0,0,0,0,0,0,0,0,0,0,0,0,0,0,0,0,0,0,0,1,-2,-2,-2,3,1,1,3,-2,0,-2,0,0,0,0,-2,0,-2,0,0,-2,0,-2,0,-2,0,0,0,-2,-2,-2,0,-2,0,-2,-2,7,1,1,0,-2,-2,55,55,55,1,5,0,0,0,0,0,0,0,0,0,0,0,0,0,0,0,0,0,0,0,0,0,0,0,0,0,0,0,0,0,0,0,0,1,1,5,0,3,2,0,-2,-2,-2,-2,-2,-2,0,0,0,0,0,0,0,0,0,0,0,0,1,-2,-2,1,-2,0,0,0,2,1,0,-2,7,3,1,0,-2,-2,74,74,68,-2,-2,-2,-2,-2,-2,-2,1,1,0,0,-2,0,0,0,0,0,0,0,0,0,0,0,0,0,0,0,0,0,0,0,0,0,0,0,0,0,0,0,-2,0,-2,-2,0,-2,0,-2,1,0,0,-2,0,-2,-2,-2,-2,-2,1,2,41,2,3,-2,-2,1,0,-2,-2,-2,4,0,-2,-2,-2,0,-2,-2,-2,0,0,0,0,0,0,0,0,0,0,0,0,0,0,0,0,0,0,0,0,0,0,0,0,0,1,1,0,0,0,0,0,0,0,0,1,1,1,1,1,0,0,0,1,0,0,0,0,0,0,0,0,0,0,0,0,0,0,0,0,0,0,0,0,0,0,0,0,0,0,-2,-2,1,1,1,1,-2,1,-2,-2,-2,-2,-2,-2,-2,-2,-2,-2,-2,-2,-2,-2,-2,-2,-2,-2,-2,0,0,0,0,0,0,0,0,0,0,0,0,0,0,0,0,0,0,0,0,0,0,0,0,0,0,0,0,1,0,0,0,1,2,1,75,-2,-2,-2,-2,-2,-2,-2,-2,-2,-2,-2,-2,-2,0,1,0,-2,0,0,1,0,0,1,0,10,0,0,-2,-2,0,0,0,0,0,0,0,0,0,0,0,0,0,0,0,0,0,0,0,0,0,0,0,0,0,0,0,0,0,0,0,0,0,0,0,0,0,2023,1623,1623,400,1623,400,0,0,0,0,0,0,10015,0,1063.022,1887.531,1670.534,5393.913,34171,0,3627.013,6440.221,5699.833,18403.933,952,0,101.048,179.424,158.797,512.731,412,392.152,0,19.848,42230,40195.58,0,2034.42,446,424.514,0,21.486,0,0,0,0,0,0,0,0,0,0,0,0,0,0,0,0,0,0,0,0,0,0,0,0,0,0,0,0,0,0,0,0,0,0,0,0,0,0,76401,40196,3627,6440,5700,20438,1398,425,101,179,159,534,3,5,3,3,5,3,-2,-2,-2,-2,-2,-2
5,1,1,1,3,5999.605242,5388,702,5313,797,1,3,1,1,1983,5,5,-2,-2,-2,-2,-2,2,5,-2,-2,20,-2,2,1,1,3,5,1,0,0,0,-2,0,-2,-2,0,-2,-2,1,0,-2,-2,-2,-2,-2,-2,-2,-2,-2,0,-2,-2,-2,-2,1,1,0,0,0,0,0,0,0,0,0,0,0,0,0,0,0,0,0,0,0,0,0,0,0,0,0,0,0,0,0,0,0,0,0,0,0,0,0,0,0,0,0,0,0,0,0,0,0,0,0,0,1,5,0,-2,0,-2,4,0,-2,1,3,0,1,2,0,-2,0,4,5,1,1,22,3,2,0,2,1,1,0,-2,-2,-2,-2,-2,-2,-2,-2,-2,-2,-2,-2,-2,0,-2,-2,-2,-2,-2,-2,-2,-2,-2,-2,-2,-2,1,30,2,1,1,0,-2,0,0,0,0,0,0,0,0,0,0,0,0,0,0,0,0,0,0,0,0,0,0,0,0,0,0,0,0,0,0,0,0,0,0,0,0,0,0,0,0,0,0,0,0,0,0,0,0,0,1,1,2,2,3,2,1,1,0,-2,1,5,1,2,2,3,2,1,1,-2,0,0,1,0,0,0,0,2,-2,3,-2,3,2,1,1,-2,0,0,1,0,0,0,0,1,-2,1,-2,-2,-2,-2,-2,-2,-2,-2,-2,-2,-2,-2,-2,-2,-2,-2,-2,1,2,1,1,2,1,-2,2,-2,1,1,-2,-2,-2,-2,-2,-2,1,0,1,0,0,1,1,0,0,0,-2,-2,0,0,0,1,0,-2,-2,1,2,0,0,0,0,0,0,0,0,0,0,0,0,0,0,0,0,0,0,0,0,0,0,0,0,0,0,0,0,0,0,0,0,0,0,0,0,0,0,0,0,0,0,0,0,0,0,0,0,0,0,0,0,0,0,0,0,0,0,0,0,0,0,0,0,0,0,0,0,0,0,0,0,0,0,0,0,0,0,0,0,0,0,0,0,0,0,0,0,0,0,0,0,0,0,0,0,0,0,0,1,-2,-2,-2,3,1,1,1,1,0,-2,0,0,0,0,-2,0,-2,0,0,-2,0,-2,0,-2,0,0,0,-2,-2,-2,0,-2,0,-2,-2,5,1,1,0,-2,-2,70,70,70,0,-2,0,0,0,0,0,0,0,0,0,0,0,0,0,0,0,0,0,0,0,0,0,0,0,0,0,0,0,0,0,0,0,0,1,1,1,0,2,3,0,-2,-2,-2,-2,-2,-2,0,0,0,0,0,0,0,0,0,0,0,0,0,1,1,-2,-2,-2,-2,-2,-2,-2,-2,-2,-2,-2,-2,-2,-2,-2,-2,-2,-2,-2,-2,-2,-2,-2,-2,-2,0,-2,0,0,-2,0,0,0,0,0,0,0,0,0,0,0,0,0,0,0,0,0,0,0,0,0,0,0,0,0,0,0,-2,0,-2,-2,0,-2,0,-2,0,-2,2,2,0,-2,-2,1,0,-2,1,1,30,2,1,0,-2,2,0,-2,-2,-2,4,1,41,-2,-2,0,-2,-2,-2,0,0,0,0,0,0,0,0,0,0,0,0,0,0,0,0,0,0,0,0,0,0,0,0,0,1,1,1,0,0,0,0,0,0,0,0,0,1,1,1,0,1,0,0,0,0,0,0,1,0,0,0,0,0,0,0,0,0,0,0,0,0,0,0,0,0,0,0,0,0,-2,-2,-2,1,-2,1,-2,1,1,-2,-2,-2,-2,-2,-2,-2,-2,-2,-2,-2,-2,-2,-2,-2,-2,-2,-2,0,0,0,0,0,0,0,0,0,0,0,0,0,0,0,0,0,0,0,0,0,0,0,0,0,0,0,0,1,1,0,0,1,5,1,40,-2,-2,-2,-2,-2,-2,-2,-2,-2,-2,-2,-2,-2,0,0,0,-2,0,1,0,0,0,0,0,20,0,0,-2,-2,0,0,1,0,0,0,0,0,0,0,0,0,0,0,0,0,0,0,0,0,0,0,0,0,0,0,0,0,0,0,0,0,0,0,0,0,0,1912,1912,1274,637,0,1912,0,0,0,0,0,0,2869,0,0,0,346.468,2522.532,9789,0,0,0,1182.144,8606.856,705,0,0,0,85.138,619.862,488,352.549,135.451,0,50020,36136.283,13883.717,0,853,616.238,236.762,0,0,0,0,0,0,0,0,0,0,0,0,0,0,0,0,0,0,0,0,0,0,0,0,0,0,0,0,0,0,0,0,0,0,0,0,0,0,0,59809,36136,0,13884,1182,8607,1558,616,0,237,85,620,1,1,0,1,1,0,-2,-2,-2,-2,-2,-2
6,2,4,10,2,4232.486778,8866,270,8708,436,1,1,1,-2,1920,1,5,-2,-2,-2,-2,-2,4,6,-2,-2,20,-2,3,1,0,3,6,1,1,0,0,-2,1,1,-2,0,-2,-2,1,0,-2,-2,-2,-2,-2,-2,-2,-2,-2,0,-2,-2,-2,-2,1,2,1,0,0,0,0,0,0,0,0,0,0,0,0,0,0,0,0,0,0,0,0,0,0,0,0,0,0,0,0,0,0,0,0,0,0,0,0,0,0,0,0,0,0,0,0,0,0,0,0,0,1,1,0,-2,0,-2,3,1,2,1,3,0,1,2,0,-2,0,3,1,1,1,22,4,2,0,3,0,-2,-2,-2,-2,-2,-2,-2,-2,-2,-2,-2,-2,-2,-2,-2,1,2,1,2,2,1,1,0,-2,2,2,2,41,0,-2,-2,-2,-2,-2,-2,0,0,0,0,0,0,0,0,0,0,0,0,0,0,0,0,0,0,0,0,0,0,0,0,0,0,0,0,0,0,0,0,0,0,0,0,0,0,0,0,0,0,0,0,0,0,0,0,0,1,2,2,1,1,2,1,1,0,-2,1,5,1,2,1,2,1,2,1,-2,0,0,0,0,1,0,0,4,-2,3,-2,-2,-2,-2,-2,-2,-2,-2,-2,-2,-2,-2,-2,-2,-2,-2,-2,-2,-2,-2,-2,-2,-2,-2,-2,-2,-2,-2,-2,-2,-2,-2,-2,1,2,2,-2,2,1,-2,1,0,2,1,-2,-2,-2,-2,-2,-2,1,0,0,1,0,1,1,0,1,0,0,-2,0,0,1,0,0,-2,-2,1,1,-2,0,0,0,0,0,0,0,0,0,0,0,0,0,0,0,0,0,0,0,0,0,0,0,0,0,0,0,0,0,0,0,0,0,0,0,0,0,0,0,0,0,0,0,0,0,0,0,0,0,0,0,0,0,0,0,0,0,0,0,0,0,0,0,0,0,0,0,0,0,0,0,0,0,0,0,0,0,0,0,0,0,0,0,0,0,0,0,0,0,0,0,0,0,0,0,0,0,0,1,-2,-2,-2,3,1,1,41,-2,0,-2,0,0,0,0,-2,0,-2,0,0,-2,0,-2,0,-2,0,0,0,-2,-2,-2,0,-2,0,-2,-2,6,1,1,1,1,1,66,66,66,0,-2,0,0,0,0,0,0,0,0,0,0,0,0,0,0,0,0,0,0,0,0,0,0,0,0,0,0,0,0,0,0,0,0,1,1,1,0,2,41,0,-2,-2,-2,-2,-2,-2,0,0,0,0,0,0,0,0,0,0,0,0,1,-2,-2,1,-2,0,0,1,41,-2,0,-2,3,2,1,1,1,1,65,65,65,-2,-2,-2,-2,-2,-2,-2,1,1,1,0,-2,0,0,0,0,0,0,0,0,0,0,0,0,0,0,0,0,0,0,0,0,0,0,0,0,0,0,1,0,0,-2,-2,0,-2,0,-2,4,2,3,3,1,1,0,1,0,-2,0,0,30,1,2,0,-2,2,1,42,-2,-2,4,1,3,-2,-2,0,-2,-2,-2,0,0,0,0,0,0,0,0,0,0,0,0,0,0,0,0,0,0,0,0,0,0,0,0,0,1,1,1,0,0,0,0,0,0,0,1,0,0,1,1,0,1,1,0,0,0,0,0,1,0,0,0,0,0,0,0,0,0,0,0,0,0,0,0,0,0,0,0,0,0,-2,-2,-2,-2,1,1,-2,1,1,1,-2,-2,-2,-2,-2,-2,-2,-2,-2,-2,-2,-2,-2,-2,-2,-2,-2,0,0,0,0,0,0,0,0,0,0,0,0,0,0,0,0,0,0,0,0,0,0,0,0,0,0,0,0,2,1,1,0,1,4,2,57,11,-2,-2,-2,-2,-2,-2,-2,-2,-2,-2,-2,-2,1,0,0,-2,0,1,0,0,0,0,0,6,0,1,-2,-2,0,0,0,0,0,0,0,0,0,0,0,0,0,0,0,0,0,0,0,0,0,0,0,0,0,0,0,0,0,0,0,0,0,0,0,0,0,3485,3485,3485,0,1538,1946,0,0,0,0,0,0,6387,0,274.53,0,920.454,5192.016,21792,0,936.677,0,3140.524,17714.799,1050,0,45.132,0,151.319,853.549,903,722.927,138.574,41.498,92558,74100.451,14203.934,4253.615,856,685.3,131.362,39.339,0,0,0,0,0,0,0,0,0,0,0,0,0,0,0,0,0,0,0,0,0,0,0,0,0,0,0,0,0,0,0,0,0,0,0,0,0,0,114350,74100,937,14204,3141,21968,1906,685,45,131,151,893,1,1,0,1,1,0,-2,-2,-2,-2,-2,-2
7,1,2,3,2,7862.341967,5213,749,5355,796,4,3,1,-2,1922,1,5,-2,-2,-2,-2,-2,3,6,-2,-2,20,-2,4,2,1,3,7,1,1,0,0,-2,1,2,3,0,-2,-2,1,0,-2,-2,-2,-2,-2,-2,-2,-2,-2,0,-2,-2,-2,-2,0,-2,1,0,0,0,0,0,0,0,0,0,0,0,0,0,0,0,0,0,0,0,0,0,0,0,0,0,0,0,0,0,0,0,0,0,0,0,0,0,0,0,0,0,0,0,0,0,0,0,0,0,1,1,0,-2,0,-2,4,1,2,1,2,1,1,2,0,-2,1,3,1,1,2,22,3,2,0,3,1,-2,-2,-2,22,4,2,12,41,-2,-2,-2,-2,-2,-2,-2,0,-2,-2,-2,-2,-2,-2,-2,-2,-2,-2,-2,-2,1,20,1,1,1,0,-2,0,0,0,0,0,0,0,0,0,0,0,0,0,0,0,0,0,0,0,0,0,0,0,0,0,0,0,0,0,0,0,0,0,0,0,0,0,0,0,0,0,0,0,0,0,0,0,0,0,1,2,3,2,3,41,-2,-2,-2,-2,1,1,1,3,4,3,4,0,-2,0,1,1,0,1,1,0,0,2,3,3,3,3,4,0,-2,1,1,1,0,1,1,1,0,2,4,3,4,1,2,0,-2,0,1,0,0,0,0,0,0,2,-2,1,-2,1,2,1,1,3,0,1,1,1,1,0,1,-2,-2,-2,-2,-2,1,0,1,0,0,1,2,1,0,0,0,-2,0,1,1,1,2,2,1,3,3,2,0,0,0,0,0,0,0,0,0,0,0,0,0,0,0,0,0,0,0,0,0,0,0,0,0,0,0,0,0,0,0,0,0,0,0,0,0,0,0,0,0,0,0,0,0,0,0,0,0,0,0,0,0,0,0,0,0,0,0,0,0,0,0,0,0,0,0,0,0,0,0,0,0,0,0,0,0,0,0,0,0,0,0,0,0,0,0,0,0,0,0,0,0,0,0,0,0,0,1,-2,-2,-2,2,1,1,42,-2,0,-2,0,1,0,0,-2,0,-2,0,0,-2,0,-2,0,-2,1,0,1,7,-2,-2,0,-2,0,-2,1,7,1,3,1,1,1,67,62,62,0,-2,0,0,0,0,0,0,0,0,0,0,0,0,0,0,0,0,0,0,0,0,0,0,0,0,0,0,0,0,0,0,0,0,1,1,1,0,2,1,0,-2,-2,-2,-2,-2,-2,0,0,0,0,0,0,0,0,0,0,0,0,1,-2,-2,1,0,0,0,0,41,-2,-2,-2,7,3,1,1,1,1,75,80,75,-2,-2,-2,-2,-2,-2,-2,5,3,0,1,2,0,0,0,0,0,0,0,0,0,0,0,0,0,0,0,0,0,0,0,0,0,0,0,0,0,0,1,0,0,-2,-2,1,5,0,-2,4,4,3,2,2,2,0,1,0,-2,1,1,50,2,3,-2,-2,3,1,3,-2,-2,3,1,2,0,-2,0,-2,-2,-2,0,0,0,0,0,0,0,0,0,0,0,0,0,0,0,0,0,0,0,0,0,0,0,0,0,1,1,1,0,0,1,0,0,1,1,1,0,0,1,1,0,1,1,1,0,0,0,0,1,0,0,0,0,0,0,0,0,1,1,0,0,0,0,0,0,0,0,0,0,0,-2,1,-2,-2,1,1,-2,1,1,1,1,-2,-2,-2,-2,-2,-2,-2,-2,-2,-2,1,0,0,0,1,-2,0,0,0,0,0,0,0,0,0,0,0,0,0,0,0,0,0,0,0,0,0,0,0,0,0,0,0,0,2,1,1,0,1,5,4,54,11,4,4,-2,-2,-2,-2,-2,-2,-2,-2,-2,-2,0,1,1,12,0,1,0,0,0,1,0,24,0,0,-2,-2,0,0,0,0,0,0,0,0,0,0,0,0,0,0,0,0,0,0,0,0,0,0,0,0,0,0,0,0,0,0,0,0,0,0,0,0,0,2654,2654,2296,358,1938,716,0,0,0,0,0,0,11821,468.774,1224.714,0,1605.015,8522.497,40333,1599.447,4178.697,0,5476.278,29078.579,2444,96.919,253.21,0,331.838,1762.032,1077,668.382,226.141,182.477,110393,68509.444,23179.57,18703.986,1860,1154.308,390.55,315.141,0,0,0,0,0,0,0,0,0,0,0,0,0,0,0,0,0,0,0,0,0,0,0,0,0,0,0,0,0,0,0,0,0,0,0,0,10000,0.5,150726,70109,4179,23180,5476,47783,4304,1251,253,391,332,2077,1,1,0,1,1,0,-2,-2,-2,-2,-2,-2
8,3,5,17,2,6297.038285,1086,2647,1070,2554,3,5,1,-2,1975,4,8,-2,-2,-2,-2,-2,7,6,-2,-2,10,-2,3,2,0,3,6,0,0,1,-2,-2,-2,-2,-2,-2,-2,-2,-2,0,-2,-2,-2,-2,-2,-2,-2,-2,-2,1,2,2,0,0,-2,-2,1,0,0,0,0,0,0,0,0,0,0,0,0,0,0,0,0,0,0,0,0,0,0,0,0,0,0,0,0,0,0,0,0,0,0,0,0,0,0,0,0,0,0,0,0,0,0,0,0,0,1,5,0,-2,0,-2,1,0,-2,0,-2,-2,1,2,0,-2,0,1,5,0,1,23,3,2,0,3,1,-2,-2,-2,-2,-2,-2,-2,-2,-2,-2,-2,-2,-2,-2,-2,0,-2,-2,-2,-2,-2,-2,-2,-2,-2,-2,-2,-2,0,-2,-2,-2,-2,-2,-2,0,0,0,0,0,0,0,0,0,0,0,0,0,0,0,0,0,0,0,0,0,0,0,0,0,0,0,0,0,0,0,0,0,0,0,0,0,0,0,0,0,0,0,0,0,0,0,0,0,1,1,3,3,3,3,1,-2,-2,-2,1,5,1,3,2,2,1,1,0,0,0,0,1,0,0,0,0,3,-2,3,-2,1,2,0,-2,0,0,0,0,0,0,0,0,1,-2,1,-2,-2,-2,-2,-2,-2,-2,-2,-2,-2,-2,-2,-2,-2,-2,-2,-2,1,2,2,-2,5,0,1,2,-2,5,0,1,-2,-2,-2,-2,-2,1,0,0,1,0,1,1,0,0,1,-2,-2,0,0,0,0,1,2,0,1,2,1,0,0,0,0,0,0,0,0,0,0,0,0,0,0,0,0,0,0,0,0,0,0,0,0,0,0,0,0,0,0,0,0,0,0,0,0,0,0,0,0,0,0,0,0,0,0,0,0,0,0,0,0,0,0,0,0,0,0,0,0,0,0,0,0,0,0,0,0,0,0,0,0,0,0,0,0,0,0,0,0,0,0,0,0,0,0,0,0,0,0,0,0,0,0,0,0,0,0,1,-2,-2,-2,4,5,0,3,-2,-2,-2,0,1,0,0,-2,0,-2,0,0,-2,0,-2,0,-2,1,0,0,-2,-2,-2,0,-2,0,-2,1,6,1,1,1,0,0,77,65,77,0,-2,0,0,0,0,0,0,0,0,0,0,0,0,0,0,0,0,0,0,0,0,0,0,0,0,0,0,0,0,0,0,0,0,1,1,5,0,2,3,0,-2,-2,-2,-2,-2,-2,0,0,0,0,0,0,0,0,0,0,0,0,1,-2,-2,1,-2,1,0,0,3,-2,-2,-2,6,3,1,1,1,1,75,85,75,-2,-2,-2,-2,-2,-2,-2,5,1,0,0,-2,0,0,0,0,0,0,0,0,0,0,0,0,0,0,0,0,0,0,0,0,0,0,0,0,0,0,0,-2,0,-2,-2,0,-2,0,-2,0,-2,1,0,0,-2,-2,-2,-2,-2,1,5,20,1,3,-2,-2,3,0,-2,-2,-2,1,0,-2,-2,-2,0,-2,-2,-2,0,0,0,0,0,0,0,0,0,0,0,0,0,0,0,0,0,0,0,0,0,0,0,0,0,1,0,1,0,0,0,0,0,1,1,1,1,1,1,0,0,0,0,0,0,0,0,0,1,0,0,0,0,0,0,0,0,0,0,0,0,0,0,0,0,0,0,0,0,0,-2,1,1,1,1,1,-2,-2,-2,-2,-2,-2,-2,-2,-2,-2,-2,-2,-2,-2,-2,-2,-2,-2,-2,-2,-2,0,0,0,0,0,0,0,0,0,0,0,0,0,0,0,0,0,0,0,0,0,0,0,0,0,0,0,0,2,1,1,1,1,4,6,37,8,4,1,1,1,-2,-2,-2,-2,-2,-2,-2,-2,1,1,0,-2,0,1,0,0,0,0,0,16,0,0,-2,-2,1,0,0,0,0,0,1,0,0,0,0,0,0,0,0,0,0,0,0,0,0,0,0,0,0,0,0,0,0,0,0,0,0,0,0,0,0,2352,1952,1952,400,1952,400,0,0,0,0,0,0,22928,1661.212,6129.163,4527.442,743.228,9866.955,78230,5668.025,20912.581,15447.543,2535.88,33665.852,2622,189.962,700.88,517.721,84.99,1128.303,0,0,0,0,0,0,0,0,0,0,0,0,0,0,0,0,0,0,0,0,0,0,0,0,0,0,0,0,0,0,0,0,0,0,0,0,0,0,0,0,0,0,0,0,0,0,0,0,0,0,78230,5668,20913,15448,2536,33666,2622,190,701,518,85,1128,1,1,0,-2,-2,-2,-2,-2,-2,-2,-2,-2
9,1,2,5,3,12156.72151,4826,1027,5381,912,4,3,1,-2,1920,1,6,-2,-2,-2,-2,-2,2,5,-2,-2,20,-2,3,1,0,4,7,1,0,0,0,-2,0,-2,-2,0,-2,-2,1,1,0,-2,0,-2,-2,0,-2,-2,1,0,-2,-2,-2,-2,0,-2,1,0,0,0,0,0,0,0,0,0,0,0,0,0,0,0,0,0,0,0,0,0,0,0,0,0,0,0,0,0,0,0,0,0,0,0,0,0,0,0,0,0,0,0,0,0,0,0,0,0,1,1,0,-2,0,-2,0,1,2,1,4,0,0,-2,0,-2,1,3,1,0,1,21,4,2,1,41,-2,-2,-2,-2,-2,-2,-2,-2,-2,-2,-2,-2,-2,-2,-2,-2,0,-2,-2,-2,-2,-2,-2,-2,-2,-2,-2,-2,-2,0,-2,-2,-2,-2,-2,-2,0,0,0,0,0,0,0,0,0,0,0,0,0,0,0,0,0,0,0,0,0,0,0,0,0,0,0,0,0,0,0,0,0,0,0,0,0,0,0,0,0,0,0,0,0,0,0,0,0,1,1,2,3,3,3,0,-2,-2,-2,1,5,1,3,2,3,2,0,-2,0,0,0,1,0,0,0,0,3,-2,2,-2,1,1,0,-2,0,1,0,1,0,0,0,0,1,-2,1,-2,-2,-2,-2,-2,-2,-2,-2,-2,-2,-2,-2,-2,-2,-2,-2,-2,0,0,-2,-2,-2,-2,-2,-2,-2,-2,-2,-2,-2,-2,-2,-2,-2,-2,-2,-2,-2,-2,-2,-2,0,0,0,-2,-2,0,0,1,1,0,-2,-2,1,2,0,0,0,0,0,0,0,0,0,0,0,0,0,0,0,0,0,0,0,0,0,0,0,0,0,0,0,0,0,0,0,0,0,0,0,0,0,0,0,0,0,0,0,0,0,0,0,0,0,0,0,0,0,0,0,0,0,0,0,0,0,0,0,0,0,0,0,0,0,0,0,0,0,0,0,0,0,0,0,0,0,0,0,0,0,0,0,0,0,0,0,0,0,0,0,0,0,0,0,1,-2,-2,-2,4,5,0,1,1,3,4,0,1,0,0,-2,0,-2,0,0,-2,0,-2,0,-2,0,0,0,-2,-2,-2,0,-2,1,1,1,7,1,1,1,0,0,68,68,68,0,-2,0,0,0,0,0,0,0,0,0,0,0,0,0,0,0,0,0,0,0,0,0,0,0,0,0,0,1,0,0,0,0,0,1,1,5,0,2,1,1,0,-2,-2,-2,-2,-2,0,0,0,0,0,0,0,0,0,0,0,0,1,-2,-2,1,-2,1,0,0,1,1,3,4,7,1,1,1,0,0,-2,-2,-2,-2,-2,-2,-2,-2,-2,-2,0,-2,0,0,-2,0,0,0,0,0,0,0,0,0,0,0,0,0,0,0,0,0,0,0,0,0,0,0,0,0,0,0,-2,0,-2,-2,0,-2,0,-2,0,-2,0,-2,0,-2,-2,-2,-2,-2,0,0,42,2,1,0,-2,1,1,2,0,-2,4,1,1,0,-2,0,-2,-2,-2,0,0,0,0,0,0,0,0,0,0,0,0,0,0,0,0,0,0,0,0,0,0,0,0,0,1,1,0,0,0,0,0,0,1,0,1,1,0,1,1,1,0,1,0,0,0,0,0,0,0,0,0,0,0,0,0,0,0,0,0,0,0,0,0,0,0,0,0,0,0,-2,1,1,-2,1,1,-2,1,-2,1,-2,-2,-2,-2,-2,-2,-2,-2,-2,-2,-2,-2,-2,-2,-2,-2,-2,0,0,0,0,0,0,0,0,0,0,0,0,0,0,0,0,0,0,0,0,0,0,0,0,0,0,0,0,1,2,0,0,1,3,1,47,-2,-2,-2,-2,-2,-2,-2,-2,-2,-2,-2,-2,-2,0,0,0,-2,0,1,0,0,0,0,1,10,0,0,-2,-2,0,0,0,0,0,0,0,0,0,0,0,0,0,0,0,0,0,0,0,0,0,0,0,0,0,0,0,0,0,0,0,0,0,0,0,0,0,1635,1635,1117,518,1117,518,0,0,0,0,0,0,9130,3205.462,401.146,1397.102,1563.8,2562.49,31152,10937.191,1368.73,4766.98,5335.76,8743.34,1240,435.353,54.482,189.749,212.389,348.027,210,183.514,0,26.486,21525,18810.15,0,2714.85,391,341.685,0,49.315,0,0,0,0,0,0,0,0,0,0,0,0,0,0,0,0,0,0,0,0,0,0,0,0,0,0,0,0,0,0,0,0,0,0,0,0,0,0,52677,29747,1369,4767,5336,11458,1631,777,54,190,212,397,1,1,0,1,1,0,-2,-2,-2,-2,-2,-2
10,2,4,12,2,3242.224473,4687,1205,4755,1467,4,3,1,-2,1955,2,7,-2,-2,-2,-2,-2,3,6,-2,-2,10,-2,3,1,1,4,7,1,1,0,1,1,0,-2,-2,0,-2,-2,1,0,-2,-2,-2,-2,-2,-2,-2,-2,-2,0,-2,-2,-2,-2,1,2,1,0,0,0,0,0,0,0,0,0,0,0,0,0,0,0,0,0,0,0,0,0,0,0,0,0,0,0,0,0,0,0,0,0,0,0,0,0,0,0,0,0,0,0,0,0,0,0,0,0,1,5,0,-2,0,-2,5,1,2,1,4,1,1,21,0,-2,0,3,5,1,1,22,3,2,0,41,-2,-2,-2,-2,-2,-2,-2,-2,-2,-2,-2,-2,-2,-2,-2,-2,0,-2,-2,-2,-2,-2,-2,-2,-2,-2,-2,-2,-2,1,13,2,1,1,0,-2,0,0,0,0,0,0,0,0,0,0,0,0,0,0,0,0,0,0,0,0,0,0,0,0,0,0,0,0,0,0,0,0,0,0,0,0,0,0,0,0,0,0,0,0,0,0,0,0,0,1,1,2,3,3,5,-2,-2,-2,-2,1,5,1,3,2,3,2,2,1,-2,0,1,0,0,1,1,0,2,0,3,0,2,1,0,-2,0,0,0,0,0,0,0,0,2,-2,2,-2,-2,-2,-2,-2,-2,-2,-2,-2,-2,-2,-2,-2,-2,-2,-2,-2,1,1,1,1,1,1,-2,-2,-2,-2,-2,-2,-2,-2,-2,-2,-2,1,0,1,0,0,0,1,0,0,0,-2,-2,0,1,1,1,1,2,0,0,-2,-2,0,0,0,0,0,0,0,0,0,0,0,0,0,0,0,0,0,0,0,0,0,0,0,0,0,0,0,0,0,0,0,0,0,0,0,0,0,0,0,0,0,0,0,0,0,0,0,0,0,0,0,0,0,0,0,0,0,0,0,0,0,0,0,0,0,0,0,0,0,0,0,0,0,0,0,0,0,0,0,0,0,0,0,0,0,0,0,0,0,0,0,0,0,0,0,0,0,0,1,-2,-2,-2,3,1,1,41,-2,0,-2,0,1,0,0,-2,0,-2,0,0,-2,0,-2,0,-2,1,0,0,-2,-2,-2,0,-2,0,-2,1,7,1,1,1,1,1,68,62,62,0,-2,0,0,0,0,0,0,0,0,0,0,0,0,0,0,0,0,0,0,0,0,0,0,0,0,0,0,0,0,0,0,0,0,1,1,1,0,1,41,1,0,-2,-2,-2,-2,-2,0,0,0,0,0,0,0,0,0,0,0,0,1,-2,-2,1,-2,0,0,1,41,-2,0,-2,6,2,1,1,1,1,70,70,70,-2,-2,-2,-2,-2,-2,-2,6,3,1,0,-2,0,0,0,0,0,0,0,0,0,0,0,0,0,0,0,0,0,0,0,0,0,0,0,0,0,0,0,-2,0,-2,-2,0,-2,0,-2,0,-2,2,2,0,-2,-2,1,0,-2,0,0,41,2,2,0,-2,2,1,3,-2,-2,3,1,3,-2,-2,0,-2,-2,-2,0,0,0,0,0,0,0,0,0,0,0,0,0,0,0,0,0,0,0,0,0,0,0,0,0,1,1,1,0,0,0,0,1,1,1,1,0,1,1,1,0,1,0,0,0,0,0,0,1,0,0,0,0,0,0,0,0,0,0,0,0,0,0,0,0,0,0,0,0,0,-2,1,-2,1,1,1,-2,1,1,-2,-2,-2,-2,-2,1,-2,0,-2,-2,-2,-2,-2,-2,-2,-2,-2,-2,0,0,0,0,0,0,0,0,0,0,0,0,0,0,0,0,0,0,0,0,0,0,0,0,0,0,0,0,2,1,0,0,1,3,1,52,-2,-2,-2,-2,-2,-2,-2,-2,-2,-2,-2,-2,-2,0,0,0,-2,0,1,0,0,0,0,0,13,0,0,-2,-2,0,0,0,0,0,0,0,0,0,0,0,0,0,0,0,0,0,0,0,0,0,0,0,0,0,0,0,0,0,0,0,0,0,0,0,0,0,2390,2390,1365,1025,1170,1220,0,0,0,0,0,0,7474,521.531,1080.527,0,926.619,4945.323,25501,1779.443,3686.717,0,3161.589,16873.25,655,45.705,94.694,0,81.206,433.394,426,315.052,110.948,0,43665,32292.802,11372.198,0,733,542.096,190.904,0,0,0,0,0,0,0,0,0,0,0,0,0,0,0,0,0,0,0,0,0,0,0,0,0,0,0,0,0,0,0,0,0,0,0,0,0,0,0,69166,34072,3687,11372,3162,16873,1388,588,95,191,81,433,1,1,0,1,1,0,-2,-2,-2,-2,-2,-2
11,4,10,26,4,8812.434127,830,1405,1335,613,2,4,2,-2,1950,2,7,2,1,1,-2,-2,1,1,0,1,-2,-2,2,1,0,1,3,0,0,0,-2,-2,-2,-2,-2,-2,-2,-2,-2,0,-2,-2,-2,-2,-2,-2,-2,-2,-2,-2,-2,-2,-2,-2,-2,-2,1,0,0,0,0,0,0,1,1,0,0,0,0,0,0,0,0,0,0,0,0,0,0,0,0,0,0,0,0,0,0,0,0,0,0,0,0,0,0,0,0,0,0,0,0,0,0,0,0,0,1,1,0,-2,0,-2,4,0,-2,1,3,0,0,-2,0,-2,0,4,1,1,1,22,4,2,0,3,0,-2,-2,-2,-2,-2,-2,-2,-2,-2,-2,-2,-2,-2,-2,-2,0,-2,-2,-2,-2,-2,-2,-2,-2,-2,-2,-2,-2,1,13,3,0,-2,-2,-2,0,0,0,0,0,0,0,0,0,0,0,0,0,0,0,0,0,0,0,0,0,0,0,0,0,0,0,0,0,0,0,0,0,0,0,0,0,0,0,0,0,0,0,0,0,0,0,0,0,0,-2,-2,-2,-2,-2,-2,-2,-2,-2,0,-2,-2,-2,1,2,1,2,0,0,0,0,1,0,0,0,0,3,-2,3,-2,-2,-2,-2,-2,-2,-2,-2,-2,-2,-2,-2,-2,-2,-2,-2,-2,-2,-2,-2,-2,-2,-2,-2,-2,-2,-2,-2,-2,-2,-2,-2,-2,0,0,-2,-2,-2,-2,-2,-2,-2,-2,-2,-2,-2,-2,-2,-2,-2,-2,-2,-2,-2,-2,-2,-2,0,0,-2,-2,0,0,1,0,0,1,2,0,1,2,0,0,0,0,0,0,0,0,0,0,0,0,0,0,0,0,0,0,0,0,0,0,0,0,0,0,0,0,0,0,0,0,0,0,0,0,0,0,0,0,0,0,0,0,0,0,0,0,0,0,0,0,0,0,0,0,0,0,0,0,0,0,0,0,0,0,0,0,0,0,0,0,0,0,0,0,0,0,0,0,0,0,0,0,0,0,0,0,0,0,0,0,0,0,0,0,0,0,0,1,-2,-2,-2,7,1,0,41,-2,-2,-2,0,0,0,0,-2,0,-2,0,0,-2,0,-2,0,-2,0,0,0,-2,-2,-2,0,-2,0,-2,-2,1,1,1,0,-2,-2,70,70,70,0,-2,0,0,0,0,0,0,0,0,0,0,0,0,0,0,0,0,0,0,0,0,0,0,0,0,0,0,0,0,0,0,0,0,1,1,1,0,2,41,0,-2,-2,-2,-2,-2,-2,0,0,0,0,0,0,0,0,0,0,0,0,0,2,-2,-2,-2,-2,-2,-2,-2,-2,-2,-2,-2,-2,-2,-2,-2,-2,-2,-2,-2,-2,-2,-2,-2,-2,-2,-2,1,2,1,0,-2,0,0,0,0,0,0,0,0,0,0,0,0,0,0,0,0,0,0,0,0,0,0,0,0,0,0,0,-2,-2,-2,-2,0,-2,0,-2,2,2,2,2,-2,-2,-2,1,0,-2,0,0,20,1,3,-2,-2,1,0,-2,-2,-2,4,0,-2,-2,-2,0,-2,-2,-2,0,0,0,0,0,0,0,0,0,0,0,0,0,0,0,0,0,0,0,0,0,0,0,0,0,1,1,0,0,0,0,0,0,0,0,0,0,0,1,1,0,1,1,0,0,0,0,0,0,0,0,0,0,0,0,0,0,0,0,0,0,0,0,0,0,0,0,0,0,0,-2,-2,-2,-2,-2,1,-2,1,1,1,-2,-2,-2,-2,-2,-2,-2,-2,-2,-2,-2,-2,-2,-2,-2,-2,-2,0,0,0,0,0,0,0,0,0,0,0,0,0,0,0,0,0,0,0,0,0,0,0,0,0,0,0,0,2,1,0,0,2,3,1,61,-2,-2,-2,-2,-2,-2,-2,-2,-2,-2,-2,-2,-2,0,0,0,-2,0,1,0,0,0,0,0,10,0,0,0,0,0,0,0,0,0,0,0,0,0,0,0,0,0,0,0,0,0,0,0,0,0,0,0,0,0,0,0,0,0,0,0,0,0,0,0,0,0,731,731,244,487,0,731,0,0,0,0,0,0,2750,0,0,0,1313.005,1436.995,9383,0,0,0,4479.974,4903.026,373,0,0,0,178.091,194.909,365,202.657,127.333,35.01,37413,20772.582,13051.805,3588.613,388,215.427,135.357,37.217,0,0,0,0,0,0,0,0,0,0,0,0,0,0,0,0,0,0,0,0,0,0,0,0,0,0,0,0,0,0,0,0,0,0,0,0,0,0,46796,20773,0,13052,4480,8492,761,215,0,135,178,232,1,1,0,1,1,0,-2,-2,-2,-2,-2,-2
12,1,2,4,2,15489.57401,4732,1034,4668,1437,4,3,1,-2,1968,3,6,-2,-2,-2,-2,-2,2,6,-2,-2,20,-2,3,1,1,4,7,1,0,0,1,1,1,1,-2,0,-2,-2,1,1,0,-2,0,-2,-2,0,-2,-2,1,1,1,1,0,0,-2,-2,0,0,0,0,0,0,0,0,0,0,0,0,0,0,0,0,0,0,0,0,0,0,0,0,0,0,0,0,0,0,0,0,0,0,0,0,0,0,0,0,0,0,0,0,0,0,0,0,0,0,1,1,0,-2,0,-2,6,1,2,1,3,0,1,2,0,-2,0,3,1,1,2,22,4,2,0,3,1,-2,-2,-2,22,4,2,12,5,-2,-2,-2,-2,-2,-2,-2,0,-2,-2,-2,-2,-2,-2,-2,-2,-2,-2,-2,-2,1,20,3,1,-2,-2,-2,0,0,0,0,0,0,0,0,0,0,0,0,0,0,0,0,0,0,0,0,0,0,0,0,0,0,0,0,0,0,0,0,0,0,0,0,0,0,0,0,0,0,0,0,0,0,0,0,0,1,2,4,2,3,2,1,1,0,-2,1,1,1,2,2,2,2,2,1,-2,0,0,0,0,1,0,0,3,-2,5,-2,2,1,2,1,-2,0,0,0,0,1,0,0,2,-2,2,-2,-2,-2,-2,-2,-2,-2,-2,-2,-2,-2,-2,-2,-2,-2,-2,-2,1,5,1,1,3,0,1,1,1,5,0,1,1,1,2,1,-2,1,0,1,0,0,1,5,0,0,0,-2,-2,0,1,1,1,2,2,0,3,2,0,0,0,0,0,0,0,0,0,0,0,0,0,0,0,0,0,0,0,0,0,0,0,0,0,0,0,0,0,0,0,0,0,0,0,0,0,0,0,0,0,0,0,0,0,0,0,0,0,0,0,0,0,0,0,0,0,0,0,0,0,0,0,0,0,0,0,0,0,0,0,0,0,0,0,0,0,0,0,0,0,0,0,0,0,0,0,0,0,0,0,0,0,0,0,0,0,0,0,1,-2,-2,-2,3,1,0,41,-2,-2,-2,0,0,0,0,-2,0,-2,0,0,-2,0,-2,0,-2,0,0,0,-2,-2,-2,0,-2,0,-2,-2,7,1,1,1,1,0,69,69,65,0,-2,0,0,0,0,0,0,0,0,0,0,0,0,0,0,0,0,0,0,0,0,0,0,0,0,0,0,0,0,0,0,0,0,1,1,1,0,3,41,1,0,-2,-2,-2,-2,-2,0,0,0,0,0,0,0,0,0,0,0,0,1,-2,-2,1,-2,0,0,1,3,-2,0,-2,7,2,1,1,0,0,73,73,73,-2,-2,-2,-2,-2,-2,-2,5,3,0,0,-2,0,0,0,0,0,0,0,0,0,0,0,0,0,0,0,0,0,0,0,0,0,0,0,0,0,0,0,-2,0,-2,-2,0,-2,0,-2,3,3,0,-2,0,-2,-2,1,0,-2,0,0,50,2,1,0,-2,2,1,3,-2,-2,4,1,1,0,-2,0,-2,-2,-2,0,0,0,0,0,0,0,0,0,0,0,0,0,0,0,0,0,0,0,0,0,0,0,0,0,1,1,1,0,0,0,0,0,0,0,1,0,0,1,1,0,1,1,1,0,0,0,0,1,0,0,0,0,0,0,0,0,0,0,0,0,0,0,0,0,0,0,0,0,0,-2,-2,-2,-2,1,1,-2,1,1,1,1,-2,-2,-2,1,-2,0,-2,-2,-2,-2,-2,-2,-2,-2,-2,-2,0,0,0,0,0,0,0,0,0,0,0,0,0,0,0,0,0,0,0,0,0,0,0,0,0,0,0,0,2,1,1,0,1,6,3,48,12,4,-2,-2,-2,-2,-2,-2,-2,-2,-2,-2,-2,1,0,0,-2,0,1,0,0,0,0,0,24,0,0,-2,-2,0,0,0,0,0,0,0,0,0,0,0,0,0,0,0,0,0,0,0,0,0,0,0,0,0,0,0,0,0,0,0,0,0,0,0,0,0,2185,1935,1935,250,1456,728,0,0,0,0,0,0,11807,0,1343.896,0,2297.196,8165.908,40285,0,4585.319,0,7837.939,27861.742,2154,0,245.173,0,419.087,1489.74,995,523.722,289.146,182.132,101988,53681.733,29637.61,18668.657,1512,795.846,439.386,276.768,0,0,0,0,0,0,0,0,0,0,0,0,0,0,0,0,0,0,0,0,0,0,0,0,0,0,0,0,0,0,0,0,0,0,0,0,0,0,142273,53682,4585,29638,7838,46530,3666,796,245,439,419,1767,1,1,0,1,1,0,-2,-2,-2,-2,-2,-2
13,4,10,27,2,7951.519208,6,3890,8,3895,3,5,2,-2,1950,2,8,-2,-2,-2,-2,-2,2,5,-2,-2,10,-2,3,2,0,3,6,0,1,0,-2,-2,-2,-2,-2,-2,-2,-2,-2,0,-2,-2,-2,-2,-2,-2,-2,-2,-2,0,-2,-2,-2,-2,1,4,1,0,0,0,0,0,0,0,0,0,0,0,0,0,0,0,0,0,0,0,0,0,0,0,0,0,0,0,0,0,0,0,0,0,0,0,0,0,0,0,0,0,0,0,0,0,0,0,0,0,1,5,0,-2,0,-2,6,1,1,1,1,1,1,2,0,-2,1,4,5,1,1,22,4,2,0,3,0,-2,-2,-2,-2,-2,-2,-2,-2,-2,-2,-2,-2,-2,-2,-2,0,-2,-2,-2,-2,-2,-2,-2,-2,-2,-2,-2,-2,0,-2,-2,-2,-2,-2,-2,0,0,0,0,0,0,0,1,1,0,0,0,0,0,0,0,0,0,0,0,0,0,0,0,0,0,0,0,0,0,0,0,0,0,0,0,0,0,0,0,0,0,0,0,0,0,0,0,0,1,2,2,2,3,3,-9,-2,-2,-2,1,5,1,3,4,2,1,1,0,0,1,1,0,1,1,0,0,3,2,4,2,3,1,1,0,0,0,0,0,0,0,0,0,1,-2,2,-2,1,1,1,0,0,0,0,0,0,0,0,0,1,-2,1,-2,1,4,2,-2,2,0,1,2,-2,2,0,1,2,-2,3,0,1,1,0,0,1,0,1,1,1,1,0,-2,-2,0,1,1,1,1,2,0,2,2,1,0,0,0,0,0,0,0,0,0,0,0,0,0,0,0,0,0,0,0,0,0,0,0,0,0,0,0,0,0,0,0,0,0,0,0,0,0,0,0,0,0,0,0,0,0,0,0,0,0,0,0,0,0,0,0,0,0,0,0,0,0,0,0,0,0,0,0,0,0,0,0,0,0,0,0,0,0,0,0,0,0,0,0,0,0,0,0,0,0,0,0,0,0,0,0,0,0,0,0,2,-2,-2,-2,-2,-2,-2,-2,-2,-2,-2,-2,-2,-2,-2,-2,-2,-2,-2,-2,-2,-2,-2,-2,-2,-2,-2,-2,-2,-2,-2,-2,-2,-2,-2,-2,-2,-2,-2,-2,-2,-2,-2,-2,0,-2,0,0,0,0,0,0,0,0,0,0,0,0,0,0,0,0,0,0,0,0,0,0,0,0,0,0,0,0,0,0,0,0,1,1,5,0,2,3,0,-2,-2,-2,-2,-2,-2,0,0,0,0,0,0,0,0,0,0,0,0,0,2,-2,-2,-2,-2,-2,-2,-2,-2,-2,-2,-2,-2,-2,-2,-2,-2,-2,-2,-2,-2,-2,-2,-2,-2,-2,-2,6,2,0,0,-2,0,0,0,0,0,0,0,0,0,0,0,0,0,0,0,0,0,0,0,0,0,0,0,0,0,0,0,-2,0,-2,-2,1,5,0,-2,2,-9,6,-9,0,-2,-2,-2,-2,-2,1,1,42,1,3,-2,-2,3,0,-2,-2,-2,4,0,-2,-2,-2,0,-2,-2,-2,0,0,0,0,0,0,0,0,0,0,0,0,0,0,0,0,0,0,0,0,0,0,0,0,0,1,0,1,0,0,0,0,0,0,0,0,1,1,1,0,0,0,0,0,0,0,0,0,1,0,0,0,0,0,0,0,0,0,0,0,0,0,0,0,0,0,0,0,0,0,-2,-2,1,1,-2,1,-2,-2,-2,-2,-2,-2,-2,-2,1,-2,0,-2,-2,-2,-2,-2,-2,-2,-2,-2,-2,0,0,0,0,0,0,0,0,0,0,0,0,0,0,0,0,0,0,0,0,0,0,0,0,0,0,0,0,2,1,0,0,1,1,2,54,4,-2,-2,-2,-2,-2,-2,-2,-2,-2,-2,-2,-2,1,0,1,30,0,1,0,0,0,0,0,15,0,0,0,0,0,0,0,0,0,0,0,0,0,0,0,0,0,0,0,0,0,0,0,0,0,0,0,0,0,0,0,0,0,0,0,0,0,0,0,0,0,1387,1387,0,1387,0,1387,0,0,0,0,0,0,9775,0,0,1730.518,1142.417,6902.065,33352,0,0,5904.474,3897.892,23549.634,2112,0,0,373.898,246.832,1491.27,0,0,0,0,0,0,0,0,0,0,0,0,0,0,0,0,0,0,0,0,0,0,0,0,0,0,0,0,0,0,0,0,0,0,0,0,0,0,0,0,0,0,0,0,0,0,0,0,0,0,33352,0,0,5904,3898,23550,2112,0,0,374,247,1491,1,1,0,-2,-2,-2,-2,-2,-2,-2,-2,-2
14,3,5,15,5,7118.11634,2395,2139,2180,2252,4,5,2,-2,1980,5,8,-2,-2,-2,2,8,3,-2,0,1,-2,-2,2,2,0,2,4,-2,-2,-2,-2,-2,-2,-2,-2,-2,-2,-2,-2,-2,-2,-2,-2,-2,-2,-2,-2,-2,-2,-2,-2,-2,-2,-2,-2,-2,0,0,0,0,0,0,0,0,0,0,0,0,0,0,0,0,0,0,0,0,0,0,0,0,0,0,0,0,0,0,0,0,0,0,0,0,0,0,0,0,0,0,0,0,0,0,0,0,0,0,1,5,0,-2,0,-2,4,0,-2,1,2,1,0,-2,0,-2,1,4,5,1,1,22,3,1,0,3,0,-2,-2,-2,-2,-2,-2,-2,-2,-2,-2,-2,-2,-2,-2,-2,0,-2,-2,-2,-2,-2,-2,-2,-2,-2,-2,-2,-2,1,13,3,1,-2,-2,-2,0,0,0,0,0,0,0,0,0,0,0,0,0,0,0,0,0,0,0,0,0,0,0,0,0,0,0,0,0,0,0,0,0,0,0,0,0,0,0,0,0,0,0,0,0,0,0,0,0,1,1,3,1,3,2,1,1,0,-2,1,5,1,2,2,2,2,1,0,1,0,0,1,0,0,0,0,5,-2,5,-2,2,2,1,0,0,0,0,0,0,0,0,0,1,-2,1,-2,-2,-2,-2,-2,-2,-2,-2,-2,-2,-2,-2,-2,-2,-2,-2,-2,0,0,-2,-2,-2,-2,-2,-2,-2,-2,-2,-2,-2,-2,-2,-2,-2,-2,-2,-2,-2,-2,-2,-2,0,0,-2,-2,0,0,1,0,0,0,-2,-2,1,3,2,0,0,0,0,0,0,0,0,0,0,0,0,0,0,0,0,0,0,0,0,0,0,0,0,0,0,0,0,0,0,0,0,0,0,0,0,0,0,0,0,0,0,0,0,0,0,0,0,0,0,0,0,0,0,0,0,0,0,0,0,0,0,0,0,0,0,0,0,0,0,0,0,0,0,0,0,0,0,0,0,0,0,0,0,0,0,0,0,0,0,0,0,0,0,0,0,0,0,1,-2,-2,-2,3,5,1,3,-2,0,-2,0,0,0,0,-2,0,-2,0,0,-2,0,-2,0,-2,0,0,0,-2,-2,-2,0,-2,0,-2,-2,4,1,1,1,1,1,70,60,65,0,-2,0,0,0,0,0,0,0,0,0,0,0,0,0,0,0,0,0,0,0,0,0,0,0,0,0,0,0,0,0,0,0,0,1,1,5,0,1,3,0,-2,-2,-2,-2,-2,-2,0,0,0,0,0,0,0,0,0,0,0,0,1,-2,-2,1,-2,0,0,1,3,-2,0,-2,4,3,1,1,1,1,75,80,75,-2,-2,-2,-2,-2,-2,-2,3,2,0,0,-2,0,0,0,0,0,0,0,0,0,0,0,0,0,0,0,0,0,0,0,0,0,0,0,0,0,0,0,-2,-2,-2,-2,0,-2,0,-2,1,1,1,1,-2,-2,-2,1,0,-2,1,1,10,1,3,-2,-2,1,0,-2,-2,-2,3,0,-2,-2,-2,0,-2,-2,-2,0,0,0,0,0,0,0,0,0,0,0,0,0,0,0,0,0,0,0,0,0,1,0,0,0,1,0,0,0,0,0,0,0,1,0,1,1,1,1,0,0,0,0,0,0,0,0,0,0,0,0,0,0,0,0,0,0,0,0,0,0,0,0,0,0,0,0,0,0,0,-2,1,1,1,1,1,-2,-2,-2,-2,-2,-2,-2,-2,-2,-2,-2,-2,-2,-2,-2,-2,-2,-2,-2,-2,-2,0,0,0,0,0,0,0,0,0,0,0,0,0,0,0,0,0,0,0,0,0,0,0,0,0,0,0,0,1,1,0,0,1,2,1,62,-2,-2,-2,-2,-2,-2,-2,-2,-2,-2,-2,-2,-2,0,0,0,-2,0,1,0,0,0,0,0,7,0,0,0,0,0,0,0,0,0,0,0,0,0,0,0,0,0,0,0,0,0,0,0,0,0,0,0,0,0,0,0,0,0,0,0,0,0,0,0,0,0,809,809,809,0,809,0,0,0,0,0,0,0,6335,1272.836,889.995,882.446,499.412,2790.311,21615,4342.913,3036.659,3010.904,1703.992,9520.532,718,144.261,100.871,100.015,56.603,316.25,0,0,0,0,0,0,0,0,0,0,0,0,0,0,0,0,0,0,0,0,0,0,0,0,0,0,0,0,0,0,0,0,0,0,0,0,0,0,0,0,0,0,0,0,0,0,0,0,0,0,21615,4343,3037,3011,1704,9521,718,144,101,100,57,316,1,1,0,-2,-2,-2,-2,-2,-2,-2,-2,-2
15,4,8,23,5,14249.90379,5789,1122,4876,1328,1,3,2,1,1985,5,8,-2,-2,-2,3,90,1,-2,1,1,-2,-2,-2,1,0,1,1,-2,-2,-2,-2,-2,-2,-2,-2,-2,-2,-2,-2,-2,-2,-2,-2,-2,-2,-2,-2,-2,-2,-2,-2,-2,-2,-2,-2,-2,-2,0,0,0,0,0,0,0,0,0,0,0,0,0,0,0,0,0,0,0,0,0,0,0,0,0,0,0,0,0,0,0,0,0,0,0,0,0,0,0,0,0,0,0,0,0,0,0,0,0,1,5,0,-2,0,-2,2,0,-2,1,2,1,0,-2,0,-2,0,2,5,0,1,22,3,2,0,3,0,-2,-2,-2,-2,-2,-2,-2,-2,-2,-2,-2,-2,-2,-2,-2,0,-2,-2,-2,-2,-2,-2,-2,-2,-2,-2,-2,-2,1,13,3,0,-2,-2,-2,0,0,0,0,0,0,0,0,0,0,0,0,0,0,0,0,0,0,0,0,0,0,0,0,0,0,0,0,0,0,0,0,0,0,0,0,0,0,0,0,0,0,0,0,0,0,0,0,1,0,-2,-2,-2,-2,-2,-2,-2,-2,-2,0,-2,-2,-2,1,2,1,0,-2,0,0,0,1,0,0,0,0,3,-2,3,-2,-2,-2,-2,-2,-2,-2,-2,-2,-2,-2,-2,-2,-2,-2,-2,-2,-2,-2,-2,-2,-2,-2,-2,-2,-2,-2,-2,-2,-2,-2,-2,-2,0,0,-2,-2,-2,-2,-2,-2,-2,-2,-2,-2,-2,-2,-2,-2,-2,-2,-2,-2,-2,-2,-2,-2,0,0,-2,0,0,0,0,1,0,1,2,0,0,-2,-2,0,0,0,0,0,0,0,0,0,0,0,0,0,0,0,0,0,0,0,0,0,0,0,0,0,0,0,0,0,0,0,0,0,0,0,0,0,0,0,0,0,0,0,0,0,0,0,0,0,0,0,0,0,0,0,0,0,0,0,0,0,0,0,0,0,0,0,0,0,0,0,0,0,0,0,0,0,0,0,0,0,0,0,0,0,0,0,0,0,0,0,0,0,0,0,0,0,0,1,-2,-2,-2,3,1,0,2,-9,-2,-2,1,0,0,0,-2,0,-2,0,0,-2,0,-2,0,-2,0,0,0,-2,-2,-2,0,-2,0,-2,-2,1,1,1,0,-2,-2,72,72,72,0,-2,0,0,0,0,0,0,1,1,0,0,0,0,0,0,0,0,0,0,0,0,0,0,0,0,0,0,0,0,0,0,0,0,1,1,1,1,1,42,0,-2,-2,-2,-2,-2,-2,0,1,0,0,0,1,1,1,0,0,0,0,1,-2,-2,1,-2,0,1,0,2,-9,-2,-2,1,3,1,0,-2,-2,72,72,72,-2,-2,-2,-2,-2,-2,-2,0,-2,0,0,-2,0,0,0,0,0,0,0,1,1,0,0,0,0,0,0,0,0,0,0,0,0,0,0,0,0,0,0,-2,-2,-2,-2,0,-2,1,1,0,-2,1,1,-2,-2,-2,0,-2,-2,0,0,10,2,3,-2,-2,2,0,-2,-2,-2,3,0,-2,-2,-2,0,-2,-2,-2,0,0,0,0,0,0,0,0,0,0,0,0,0,0,0,0,0,0,0,0,0,0,0,0,0,1,1,0,0,0,0,0,0,0,0,1,0,1,1,1,0,1,0,0,0,0,0,0,0,0,0,0,0,0,0,0,0,0,0,0,0,0,0,0,0,0,0,0,0,0,-2,-2,-2,2,2,2,-2,2,2,-2,-2,-2,-2,-2,-2,-2,-2,-2,-2,-2,-2,-2,-2,-2,-2,-2,-2,0,0,0,0,0,0,0,0,0,0,0,0,0,0,0,0,0,0,0,0,0,0,0,0,0,0,0,0,2,0,0,0,1,3,1,85,-2,-2,-2,-2,-2,-2,-2,-2,-2,-2,-2,-2,-2,0,0,0,-2,0,0,1,0,0,0,0,10,0,0,0,0,0,0,0,0,0,0,0,0,0,0,0,0,0,0,0,0,0,0,0,0,0,0,0,0,0,0,0,0,0,0,0,0,0,0,0,0,0,411,411,411,0,411,0,0,0,0,0,0,0,4031,0,557.754,0,1133.513,2339.733,13754,0,1903.088,0,3867.61,7983.302,342,0,47.321,0,96.17,198.509,383,333.482,49.518,0,39258,34182.388,5075.612,0,342,297.783,44.217,0,0,0,0,0,0,0,0,0,0,0,0,0,0,0,0,0,0,0,0,0,0,0,0,0,0,0,0,0,0,0,0,0,0,0,0,0,0,0,53012,34182,1903,5076,3868,7983,684,298,47,44,96,199,3,5,3,3,5,3,-2,-2,-2,-2,-2,-2
16,3,5,14,2,37518.82806,4801,946,5222,895,4,3,1,-2,1993,6,6,-2,-2,-2,-2,-2,3,5,-2,-2,20,-2,4,2,1,5,9,1,0,0,1,1,1,2,3,1,2,3,1,0,-2,-2,-2,-2,-2,-2,-2,-2,-2,1,2,2,0,0,-2,-2,1,0,0,0,0,0,0,0,0,0,0,0,0,0,0,0,0,0,0,0,0,0,0,0,0,0,0,0,0,0,0,0,0,0,0,0,0,0,0,0,0,0,0,0,0,0,0,0,0,0,1,5,0,-2,0,-2,3,1,2,1,1,1,1,2,0,-2,0,3,5,1,2,22,4,2,0,3,0,-2,-2,-2,22,3,2,12,42,-2,-2,-2,-2,-2,-2,-2,0,-2,-2,-2,-2,-2,-2,-2,-2,-2,-2,-2,-2,1,20,2,1,1,0,-2,0,0,0,0,0,0,0,0,0,0,0,0,0,0,0,0,0,0,0,0,0,0,0,0,0,0,0,0,0,0,0,0,0,0,0,0,0,0,0,0,0,0,0,0,0,0,0,0,0,1,1,3,3,3,41,-2,-2,-2,-2,1,5,1,41,4,3,2,1,0,0,0,0,0,1,1,0,0,3,-2,5,-2,2,1,0,-2,0,0,0,0,0,0,0,0,2,-2,3,-2,1,1,1,0,0,0,0,0,0,1,0,0,1,-2,1,-2,1,3,1,1,3,0,1,1,1,3,0,1,1,1,1,0,1,1,0,0,1,0,0,3,0,0,0,-2,-2,0,0,1,1,1,2,0,2,2,0,0,0,0,0,0,0,0,0,0,0,0,0,0,0,0,0,0,0,0,0,0,0,0,0,0,0,0,0,0,0,0,0,0,0,0,0,0,0,0,0,0,0,0,0,0,0,0,0,0,0,0,0,0,0,0,0,0,0,0,0,0,0,0,0,0,0,0,0,0,0,0,0,0,0,0,0,0,0,0,0,0,0,0,0,0,0,0,0,0,0,0,0,0,0,0,0,0,0,1,-2,-2,-2,3,1,0,41,-2,-2,-2,0,0,0,0,-2,0,-2,0,0,-2,0,-2,0,-2,0,0,0,-2,-2,-2,0,-2,0,-2,-2,9,1,1,1,1,1,70,65,65,1,2,0,0,0,0,0,0,0,0,0,0,0,0,0,0,0,0,0,0,0,0,0,0,0,0,0,0,0,0,0,0,0,0,1,1,5,0,3,1,0,-2,-2,-2,-2,-2,-2,0,0,0,0,0,0,0,0,0,0,0,0,1,-2,-2,1,-2,0,0,0,2,1,0,-2,9,3,1,1,1,1,70,72,70,-2,-2,-2,-2,-2,-2,-2,0,-2,1,0,-2,0,0,0,0,0,0,0,0,0,0,0,0,0,0,0,0,0,0,0,0,0,0,0,0,0,0,0,-2,0,-2,-2,0,-2,6,3,2,2,4,2,0,-2,-2,1,0,-2,1,1,42,2,3,-2,-2,2,0,-2,-2,-2,3,1,2,0,-2,0,-2,-2,-2,0,0,0,0,0,0,0,0,0,0,0,0,0,0,0,0,0,0,0,0,0,0,0,0,0,1,1,1,0,0,0,0,0,0,0,1,1,1,1,1,0,0,0,0,0,0,0,0,1,0,0,0,0,0,0,0,0,0,0,0,0,0,0,0,0,0,0,0,0,0,-2,-2,1,1,1,1,-2,1,-2,-2,-2,-2,-2,-2,-2,-2,-2,-2,-2,-2,-2,-2,-2,-2,-2,-2,-2,0,0,0,0,0,0,0,0,0,0,0,0,0,0,0,0,0,0,0,0,0,0,0,0,0,0,0,0,2,1,1,0,1,5,2,57,12,-2,-2,-2,-2,-2,-2,-2,-2,-2,-2,-2,-2,1,1,0,-2,0,1,1,0,0,1,0,24,0,0,-2,-2,0,0,0,0,0,0,0,0,0,0,0,0,0,0,0,0,0,0,0,0,0,0,0,0,0,0,0,0,0,0,0,0,0,0,0,0,0,4740,4340,3680,1060,3680,1060,0,0,0,0,0,0,13020,0,2396.059,1797.665,1639.417,7186.86,44424,0,8175.309,6133.599,5593.659,24521.433,1327,0,244.207,183.218,167.09,732.486,563,563,0,0,57708,57708,0,0,785,785,0,0,0,0,0,0,0,0,0,0,0,0,0,0,0,0,0,0,0,0,0,0,0,0,0,0,0,0,0,0,0,0,0,0,0,0,0,0,0,0,102132,57708,8175,6134,5594,24521,2112,785,244,183,167,732,1,1,0,1,1,0,-2,-2,-2,-2,-2,-2
17,3,5,16,2,15622.34137,3423,1604,3400,1641,4,4,1,-2,1963,3,3,-2,-2,-2,-2,-2,3,5,-2,-2,10,-2,3,1,0,3,6,0,1,0,-2,-2,-2,-2,-2,-2,-2,-2,-2,1,0,-2,0,-2,-2,0,-2,-2,1,0,-2,-2,-2,-2,0,-2,-2,0,0,0,0,0,0,0,0,0,0,0,0,0,0,0,0,0,0,0,0,0,0,0,0,0,0,0,0,0,0,0,0,0,0,0,0,0,0,0,0,0,0,0,0,0,0,0,0,0,0,-2,0,-2,0,-2,-2,-2,-2,1,4,0,0,-2,0,-2,1,4,-2,0,1,3,1,1,0,2,1,1,0,-2,-2,-2,-2,-2,-2,-2,-2,-2,-2,-2,-2,-2,0,-2,-2,-2,-2,-2,-2,-2,-2,-2,-2,-2,-2,0,-2,-2,-2,-2,-2,-2,0,0,0,0,0,0,0,0,0,0,0,0,0,0,0,0,0,0,0,0,0,0,0,0,0,0,0,0,0,0,0,0,0,0,0,0,0,0,0,0,0,0,0,0,0,0,0,0,0,0,-2,-2,-2,-2,-2,-2,-2,-2,-2,0,-2,-2,-2,1,2,1,0,-2,0,0,0,0,1,0,0,0,1,-2,1,-2,-2,-2,-2,-2,-2,-2,-2,-2,-2,-2,-2,-2,-2,-2,-2,-2,-2,-2,-2,-2,-2,-2,-2,-2,-2,-2,-2,-2,-2,-2,-2,-2,0,0,-2,-2,-2,-2,-2,-2,-2,-2,-2,-2,-2,-2,-2,-2,-2,-2,-2,-2,-2,-2,-2,-2,0,0,0,-2,0,0,0,0,0,0,-2,-2,0,-2,-2,0,0,0,0,0,0,0,0,0,0,0,0,0,0,0,0,0,0,0,0,0,0,0,0,0,0,0,0,0,0,0,0,0,0,0,0,0,0,0,0,0,0,0,0,0,0,0,0,0,0,0,0,0,0,0,0,0,0,0,0,0,0,0,0,0,0,0,0,0,0,0,0,0,0,0,0,0,0,0,0,0,0,0,0,0,0,0,0,0,0,0,0,0,0,0,0,0,0,0,2,-2,-2,-2,-2,-2,-2,-2,-2,-2,-2,-2,-2,-2,-2,-2,-2,-2,-2,-2,-2,-2,-2,-2,-2,-2,-2,-2,-2,-2,-2,-2,-2,-2,-2,-2,-2,-2,-2,-2,-2,-2,-2,-2,0,-2,0,0,0,0,0,0,0,0,0,0,0,0,0,0,0,0,0,0,0,0,0,0,0,0,0,0,0,0,0,0,0,0,0,-2,-2,-2,-2,-2,-2,-2,-2,-2,-2,-2,-2,0,0,0,0,0,0,0,0,0,0,0,0,1,-2,-2,2,-2,-2,-2,-2,-2,-2,-2,-2,-2,-2,-2,-2,-2,-2,-2,-2,-2,1,5,-2,-2,-2,-2,1,0,-2,1,0,-2,0,0,0,0,0,0,0,0,0,0,0,0,0,0,0,0,0,0,0,0,0,0,0,0,0,0,0,-2,0,-2,-2,0,-2,0,-2,0,-2,1,1,0,-2,-2,1,0,-2,0,0,41,1,3,-2,-2,3,0,-2,-2,-2,2,0,-2,-2,-2,0,-2,-2,-2,0,0,0,0,0,0,0,0,0,0,0,0,0,0,0,0,0,0,0,0,0,0,0,0,0,1,0,0,0,0,0,0,0,0,0,1,0,0,1,0,0,0,0,0,0,0,0,0,0,0,0,0,0,0,0,0,0,0,0,0,0,0,0,0,0,0,0,0,0,0,-2,-2,-2,-2,-2,1,-2,-2,-2,-2,-2,-2,-2,-2,-2,-2,-2,-2,-2,-2,-2,-2,-2,-2,-2,-2,-2,0,0,0,0,0,0,0,0,0,0,0,0,0,0,0,0,0,0,0,0,0,0,0,0,0,0,0,0,2,0,0,0,2,1,1,46,-2,-2,-2,-2,-2,-2,-2,-2,-2,-2,-2,-2,-2,0,1,0,-2,0,0,0,0,0,0,0,1,1,1,-2,-2,1,0,0,0,0,0,0,0,0,0,0,0,0,0,0,0,0,0,0,0,0,0,0,0,0,0,0,0,0,0,0,0,0,0,0,0,0,1482,1482,0,1482,247,1235,0,0,0,0,0,0,2079,0,441.678,0,283.034,1354.288,7094,0,1507.101,0,965.773,4621.126,271,0,57.573,0,36.894,176.533,0,0,0,0,0,0,0,0,0,0,0,0,0,0,0,0,0,0,0,0,0,0,0,0,0,0,0,0,0,0,0,0,0,0,0,0,0,0,0,0,0,0,0,0,0,0,0,0,0,0,7094,0,1507,0,966,4621,271,0,58,0,37,177,1,1,0,-2,-2,-2,-2,-2,-2,-2,-2,-2
18,1,2,3,4,7553.728084,4860,845,4764,1130,4,3,2,-2,1940,1,8,1,-2,-2,-2,-2,6,8,0,1,-2,-2,1,1,0,2,3,1,0,0,0,-2,0,-2,-2,0,-2,-2,0,0,-2,-2,-2,-2,-2,-2,-2,-2,-2,-2,-2,-2,-2,-2,-2,-2,0,0,0,1,0,0,0,0,0,0,0,0,1,0,0,0,0,0,0,0,0,0,0,0,0,0,0,0,0,0,0,0,0,0,0,0,0,0,0,0,0,0,0,0,0,0,0,0,0,0,1,1,0,-2,0,-2,0,0,-2,1,3,0,0,-2,0,-2,0,3,1,0,1,22,4,2,0,3,1,-2,-2,-2,-2,-2,-2,-2,-2,-2,-2,-2,-2,-2,-2,-2,0,-2,-2,-2,-2,-2,-2,-2,-2,-2,-2,-2,-2,0,-2,-2,-2,-2,-2,-2,0,0,0,0,0,0,0,0,0,0,0,0,0,0,0,0,0,0,0,0,0,0,0,0,0,0,0,0,0,0,0,0,0,0,0,0,0,0,0,0,0,0,0,0,0,0,0,0,0,0,-2,-2,-2,-2,-2,-2,-2,-2,-2,0,-2,-2,-2,0,-2,-2,-2,-2,-2,-2,-2,-2,-2,-2,-2,-2,-2,-2,-2,-2,-2,-2,-2,-2,-2,-2,-2,-2,-2,-2,-2,-2,-2,-2,-2,-2,-2,-2,-2,-2,-2,-2,-2,-2,-2,-2,-2,-2,-2,-2,-2,-2,1,2,2,-2,3,1,-2,2,-2,2,1,-2,-2,-2,-2,-2,-2,1,0,0,1,0,1,1,0,0,-2,0,-2,0,0,1,1,0,-2,-2,1,2,0,0,0,0,0,0,0,0,0,0,0,0,0,0,0,0,0,0,0,0,0,0,0,0,0,0,0,0,0,0,0,0,0,0,0,0,0,0,0,0,0,0,0,0,0,0,0,0,0,0,0,0,0,0,0,0,0,0,0,0,0,0,0,0,0,0,0,0,0,0,0,0,0,0,0,0,0,0,0,0,0,0,0,0,0,0,0,0,0,0,0,0,0,0,0,0,0,0,0,1,-2,-2,-2,2,1,0,41,-2,-2,-2,1,0,0,0,-2,0,-2,0,0,-2,0,-2,0,-2,0,0,0,-2,-2,-2,0,-2,0,-2,-2,3,0,-2,-2,-2,-2,70,65,66,0,-2,0,0,0,0,0,0,1,1,0,0,0,0,0,0,0,0,0,0,0,0,0,0,0,0,0,0,0,0,0,0,0,0,1,1,1,1,3,42,0,-2,-2,-2,-2,-2,-2,0,0,0,0,0,0,1,0,0,0,0,0,0,1,2,-2,-2,-2,-2,-2,-2,-2,-2,-2,-2,-2,-2,-2,-2,-2,-2,-2,-2,-2,-2,-2,-2,-2,-2,-2,2,1,1,0,-2,0,0,0,0,0,0,0,0,0,0,0,0,0,0,0,0,0,0,0,0,0,0,0,0,0,0,0,-2,-2,-2,-2,0,-2,0,-2,3,3,1,1,-2,-2,-2,1,0,-2,0,0,41,2,3,-2,-2,1,0,-2,-2,-2,4,0,-2,-2,-2,0,-2,-2,-2,0,0,0,0,0,0,0,0,0,0,0,0,0,0,0,0,0,0,0,0,0,0,0,0,0,1,1,0,0,0,0,0,0,0,0,0,0,0,1,1,0,1,1,0,0,0,0,0,0,0,0,0,0,0,0,0,0,0,0,0,0,0,0,0,0,0,0,0,0,0,-2,-2,-2,-2,-2,2,-2,2,2,2,-2,-2,-2,-2,-2,-2,-2,-2,-2,-2,-2,-2,-2,-2,-2,-2,-2,0,0,0,0,0,0,0,0,0,0,0,0,0,0,0,0,0,0,0,0,0,0,0,0,0,0,0,0,2,1,1,0,1,5,2,48,9,-2,-2,-2,-2,-2,-2,-2,-2,-2,-2,-2,-2,0,0,0,-2,0,1,0,0,0,0,0,17,0,0,0,0,0,0,0,0,0,0,0,0,0,0,0,0,0,0,0,0,0,0,0,0,0,0,0,0,0,0,0,0,0,0,0,0,0,1,0,0,0,592,592,592,0,0,592,1,1,1,1,1,1,2477,0,0,0,1093.245,1383.755,8452,0,0,0,3730.363,4721.637,425,0,0,0,187.577,237.423,701,516.543,120.648,63.81,71853,52946.003,12366.476,6540.521,1049,772.972,180.541,95.487,0,0,0,0,0,0,0,0,0,0,0,0,0,0,0,0,0,0,0,0,0,0,0,0,0,0,0,0,0,0,0,0,0,0,0,0,0,0,80305,52946,0,12366,3730,11262,1474,773,0,181,188,333,3,5,3,3,5,3,-2,-2,-2,-2,-2,-2
19,4,8,22,1,5115.108852,6692,279,6736,410,1,2,2,-2,1992,6,8,-2,-2,-2,-2,-2,3,2,-2,-2,10,0,2,2,0,3,5,-2,-2,-2,-2,-2,-2,-2,-2,-2,-2,-2,-2,-2,-2,-2,-2,-2,-2,-2,-2,-2,-2,0,-2,-2,-2,-2,0,-2,0,0,0,0,0,0,0,0,0,0,0,0,0,0,0,0,0,0,0,0,0,0,0,0,0,0,0,0,0,0,0,0,0,0,0,0,0,0,0,0,0,0,0,0,0,0,0,0,0,0,1,1,0,-2,0,-2,4,1,2,1,2,1,1,2,0,-2,1,4,1,0,1,21,4,2,1,3,-9,-2,-2,-2,-2,-2,-2,-2,-2,-2,-2,-2,-2,-2,-2,-2,0,-2,-2,-2,-2,-2,-2,-2,-2,-2,-2,-2,-2,1,20,3,-9,-2,-2,-2,0,0,0,0,0,0,0,0,0,0,0,0,0,0,0,0,0,0,0,0,0,0,0,0,0,0,0,0,0,0,0,0,0,0,0,0,0,0,0,0,0,0,0,0,0,0,0,0,0,1,1,3,3,3,2,1,1,0,-2,1,5,1,2,1,2,1,1,0,0,0,1,0,1,1,0,0,2,4,4,4,-2,-2,-2,-2,-2,-2,-2,-2,-2,-2,-2,-2,-2,-2,-2,-2,-2,-2,-2,-2,-2,-2,-2,-2,-2,-2,-2,-2,-2,-2,-2,-2,1,2,1,1,5,0,1,2,-2,2,1,-2,-2,-2,-2,-2,-2,1,0,0,1,0,1,2,0,0,0,0,1,0,0,1,0,0,-2,-2,2,2,1,0,0,0,0,0,0,0,0,0,0,0,0,0,0,0,0,0,0,0,0,0,0,0,0,0,0,0,0,0,0,0,0,0,0,0,0,0,0,0,0,0,0,0,0,0,0,0,0,0,0,0,0,0,0,0,0,0,0,0,0,0,0,0,0,0,0,0,0,0,0,0,0,0,0,0,0,0,0,0,0,0,0,0,0,0,0,0,0,0,0,0,0,0,0,0,0,0,0,1,-2,-2,-2,3,1,1,2,1,0,-2,0,0,0,0,-2,0,-2,0,0,-2,0,-2,0,-2,0,0,0,-2,-2,-2,0,-2,0,-2,-2,5,1,1,1,1,1,70,65,68,1,1,0,0,0,0,0,0,0,0,0,0,0,0,0,0,0,0,0,0,0,0,0,0,0,0,0,0,0,0,0,0,0,0,1,1,1,0,2,3,0,-2,-2,-2,-2,-2,-2,0,0,0,0,0,0,0,0,0,0,0,0,0,2,-2,-2,-2,-2,-2,-2,-2,-2,-2,-2,-2,-2,-2,-2,-2,-2,-2,-2,-2,-2,-2,-2,-2,-2,-2,-2,3,3,1,0,-2,0,0,0,0,0,0,0,0,0,0,0,0,0,0,0,0,0,0,0,0,0,0,0,0,0,0,-2,-2,-2,-2,-2,0,-2,0,-2,3,3,0,-2,-2,-2,-2,1,0,-2,0,0,41,1,3,-2,-2,3,0,-2,-2,-2,1,0,-2,-2,-2,0,-2,-2,-2,0,0,0,0,0,0,0,0,0,0,0,0,0,0,0,0,0,0,0,0,0,0,0,0,0,1,1,1,0,0,0,0,0,0,0,0,0,0,1,1,0,1,1,0,0,0,0,0,1,0,0,0,0,0,0,0,0,0,0,0,0,0,0,0,0,0,0,0,0,0,-2,-2,-2,-2,-2,1,-2,1,1,1,-2,-2,-2,-2,-2,-2,-2,-2,-2,-2,-2,-2,-2,-2,-2,-2,-2,0,0,0,0,0,0,0,0,0,0,0,0,0,0,0,0,0,0,0,0,0,0,0,0,0,0,0,0,1,1,0,0,1,3,3,40,4,3,-2,-2,-2,-2,-2,-2,-2,-2,-2,-2,-2,0,0,0,-2,0,1,0,0,0,0,1,10,0,0,0,0,0,0,0,0,0,0,0,0,0,0,0,0,0,0,0,0,0,0,0,0,0,0,0,0,0,0,0,0,0,0,0,0,0,0,0,0,0,1107,1107,1107,0,0,1107,0,0,0,0,0,0,6877,0,0,0,1550.469,5326.531,23464,0,0,0,5290.126,18173.874,679,0,0,0,153.085,525.915,741,442.521,234.153,64.326,75953,45358.681,24000.869,6593.449,614,366.882,194.13,53.331,0,0,0,0,0,0,0,0,0,0,0,0,0,0,0,0,0,0,0,0,0,0,0,0,0,0,0,0,0,0,0,0,0,0,0,0,0,0,99417,45359,0,24001,5290,24767,1293,367,0,194,153,579,1,1,0,1,1,0,-2,-2,-2,-2,-2,-2
20,2,4,10,2,4132.534817,8059,471,7783,651,1,1,1,-2,1988,5,5,-2,-2,-2,-2,-2,3,6,-2,-2,20,-2,3,3,1,9,12,1,1,1,1,4,1,1,-2,1,1,-2,1,0,-2,-2,-2,-2,-2,-2,-2,-2,-2,1,3,2,0,0,-2,-2,1,0,0,0,0,0,0,0,0,0,0,0,0,0,0,0,0,0,0,0,0,0,0,0,0,0,0,0,0,0,0,0,0,0,0,0,0,0,0,0,0,0,0,0,0,0,0,0,0,0,1,5,0,-2,0,-2,0,1,1,1,4,1,1,2,0,-2,0,6,5,1,2,22,4,2,0,5,-2,-2,-2,-2,3,1,1,12,5,-2,-2,-2,-2,-2,-2,-2,1,1,2,3,1,5,-2,-2,-2,-2,-2,-2,-2,1,11,5,-2,-2,-2,-2,0,0,0,0,0,0,0,0,0,0,0,0,0,0,0,0,0,0,0,0,0,0,0,0,0,0,0,0,0,0,0,0,0,0,0,0,0,0,0,0,0,0,0,0,0,0,0,0,0,1,1,1,2,3,3,0,-2,-2,-2,1,5,1,5,3,2,1,0,-2,0,1,0,1,0,0,0,0,1,-2,1,-2,1,2,0,-2,0,0,0,1,0,0,0,0,1,-2,1,-2,1,1,0,-2,0,1,1,0,1,0,0,0,1,0,1,0,0,0,-2,-2,-2,-2,-2,-2,-2,-2,-2,-2,-2,-2,-2,-2,-2,-2,-2,-2,-2,-2,-2,-2,0,0,0,0,-2,0,0,0,1,1,2,0,1,3,0,0,0,0,0,0,0,0,0,0,0,0,0,0,0,0,0,0,0,0,0,0,0,0,0,0,0,0,0,0,0,0,0,0,0,0,0,0,0,0,0,0,0,0,0,0,0,0,0,0,0,0,0,0,0,0,0,0,0,0,0,0,0,0,0,0,0,0,0,0,0,0,0,0,0,0,0,0,0,0,0,0,0,0,0,0,0,0,0,0,0,0,0,0,0,0,0,0,0,1,-2,-2,-2,3,1,0,5,-2,-2,-2,0,0,0,0,-2,0,-2,0,0,-2,0,-2,0,-2,0,0,0,-2,-2,-2,0,-2,0,-2,-2,12,1,1,1,0,0,64,64,64,0,-2,0,0,0,0,0,0,0,0,0,0,0,0,0,0,0,0,0,0,0,0,0,0,0,0,0,0,0,0,0,0,0,0,1,1,1,0,3,5,1,0,-2,-2,-2,-2,-2,0,0,0,0,0,0,0,0,0,0,0,0,1,-2,-2,1,-2,0,0,0,5,-2,-2,-2,12,1,1,1,0,0,-2,-2,-2,-2,-2,-2,-2,-2,-2,-2,3,1,0,1,2,0,0,0,0,0,0,0,0,0,0,0,0,0,0,0,0,0,0,0,0,0,0,0,0,0,0,1,1,0,-2,-2,1,5,0,-2,0,-2,0,-2,0,-2,-2,-2,-2,-2,1,2,42,1,3,-2,-2,1,0,-2,-2,-2,4,0,-2,-2,-2,0,-2,-2,-2,0,0,0,0,0,0,0,0,0,0,0,0,0,0,0,0,0,0,0,0,0,0,0,0,0,1,1,1,0,0,0,0,0,0,0,1,0,1,1,1,0,1,0,0,0,0,0,0,1,0,0,0,0,0,0,0,0,0,0,0,0,0,0,0,0,0,0,0,0,0,-2,-2,-2,1,1,1,-2,1,1,-2,-2,-2,-2,-2,-2,-2,-2,-2,-2,-2,-2,-2,-2,-2,-2,-2,-2,0,0,0,0,0,0,0,0,0,0,0,0,0,0,0,0,0,0,0,0,0,0,0,0,0,0,0,0,1,0,1,0,1,3,2,60,13,-2,-2,-2,-2,-2,-2,-2,-2,-2,-2,-2,-2,0,0,0,-2,0,0,1,0,0,0,0,21,0,0,-2,-2,0,0,0,0,0,0,0,0,0,0,0,0,0,0,0,0,0,0,0,0,0,0,0,0,0,0,0,0,0,0,0,0,0,1,0,0,0,3863,3213,3213,650,3213,650,0,0,0,0,0,0,12497,0,785.259,0,1795.895,9915.846,42640,0,2679.32,0,6127.627,33833.053,1429,0,89.792,0,205.356,1133.852,793,596.829,196.171,0,81283,61175.382,20107.618,0,765,575.756,189.244,0,0,0,0,0,0,0,0,0,0,0,0,0,0,0,0,0,0,0,0,0,0,0,0,0,0,0,0,0,0,0,0,0,0,0,0,0,0,0,123923,61175,2679,20108,6128,33833,2194,576,90,189,205,1134,1,1,0,1,1,0,-2,-2,-2,-2,-2,-2
21,4,10,26,2,7169.306781,1135,1578,1299,1390,2,4,1,-2,1958,2,4,-2,-2,-2,-2,-2,4,5,-2,-2,10,-2,4,3,0,2,6,0,1,0,-2,-2,-2,-2,-2,-2,-2,-2,-2,0,-2,-2,-2,-2,-2,-2,-2,-2,-2,1,2,2,0,0,-2,-2,0,0,0,1,0,0,0,0,0,0,0,0,0,0,0,0,0,0,0,0,0,0,0,0,0,0,0,0,0,0,0,0,0,0,0,0,0,0,0,0,0,0,0,0,0,0,0,0,0,0,1,1,0,-2,0,-2,4,1,1,1,1,0,1,21,0,-2,0,4,1,1,1,22,4,2,0,5,-2,-2,-2,-2,-2,-2,-2,-2,-2,-2,-2,-2,-2,-2,-2,-2,0,-2,-2,-2,-2,-2,-2,-2,-2,-2,-2,-2,-2,1,13,5,-2,-2,-2,-2,0,0,0,0,0,0,0,0,0,0,0,0,0,0,0,0,0,0,0,0,0,0,0,0,0,0,0,0,0,0,0,0,0,0,0,0,0,0,0,0,0,0,0,0,0,0,0,0,0,1,1,2,2,3,5,-2,-2,-2,-2,1,1,1,5,4,2,2,2,1,-2,0,1,0,0,1,0,0,3,4,3,4,2,2,2,0,0,0,1,0,0,1,0,0,3,4,3,4,3,3,2,0,0,0,0,0,0,1,0,0,1,-2,1,-2,1,4,1,1,4,1,-2,1,1,4,1,-2,2,-2,2,1,-2,1,0,1,0,0,1,2,1,0,0,-2,0,0,0,1,1,1,2,1,2,2,2,0,0,0,0,0,0,0,0,0,0,0,0,0,0,0,0,0,0,0,0,0,0,0,0,0,0,0,0,0,0,0,0,0,0,0,0,0,0,0,0,0,0,0,0,0,0,0,0,0,0,0,0,0,0,0,0,0,0,0,0,0,0,0,0,0,0,0,0,0,0,0,0,0,0,0,0,0,0,0,0,0,0,0,0,0,0,0,0,0,0,0,0,0,0,0,0,0,0,1,-2,-2,-2,3,1,1,42,-2,0,-2,0,0,0,0,-2,0,-2,0,0,-2,0,-2,0,-2,0,0,0,-2,-2,-2,0,-2,0,-2,-2,6,1,1,1,0,0,70,65,70,0,-2,0,0,0,0,0,0,0,0,0,0,0,0,0,0,0,0,0,0,0,0,0,0,0,0,0,0,0,0,0,0,0,0,2,1,1,0,2,5,1,0,-2,1,1,2,5,0,0,0,0,0,0,0,0,0,0,0,0,1,-2,-2,1,-2,0,0,1,5,-2,0,-2,6,3,1,1,0,0,77,82,77,-2,-2,-2,-2,-2,-2,-2,2,2,1,1,1,0,0,0,0,0,0,0,0,0,0,0,0,0,0,0,0,0,0,0,0,0,0,0,0,0,0,1,1,0,-2,-2,0,-2,0,-2,4,4,5,2,1,0,0,1,2,3,0,0,30,1,2,0,-2,2,0,-2,-2,-2,4,1,3,-2,-2,0,-2,-2,-2,0,0,0,0,0,0,0,0,0,0,0,0,0,0,0,0,0,0,0,0,0,0,0,0,0,1,1,0,0,0,0,0,1,0,0,1,0,0,1,1,0,1,1,1,0,0,0,0,0,0,0,0,0,0,0,0,0,0,0,0,0,0,0,0,0,0,0,0,0,0,-2,-2,-2,-2,1,1,-2,1,1,1,1,-2,-2,-2,-2,-2,-2,-2,-2,-2,-2,-2,-2,-2,-2,-2,-2,0,0,0,0,0,0,0,0,0,0,0,0,0,0,0,0,0,0,0,0,0,0,0,0,0,0,0,0,1,0,1,0,4,5,4,57,12,6,5,-2,-2,-2,-2,-2,-2,-2,-2,-2,-2,0,1,0,-2,0,1,0,0,0,1,0,22,0,0,-2,-2,0,0,0,0,0,0,0,0,0,0,0,0,0,0,0,0,0,0,0,0,0,0,0,0,0,0,0,0,0,0,0,0,0,0,0,0,0,3168,2768,2768,400,2768,400,0,0,0,0,0,0,12200,0,3936.861,0,1132.862,7130.278,41626,0,13432.44,0,3865.287,24328.273,2234,0,720.897,0,207.444,1305.659,799,244.581,400.758,153.661,81898,25069.674,41077.996,15750.33,851,260.498,426.84,163.661,0,0,0,0,0,0,0,0,0,0,0,0,0,0,0,0,0,0,0,0,0,0,0,0,0,0,0,0,0,0,0,0,0,0,0,0,0,0,123524,25070,13432,41078,3865,40079,3085,260,721,427,207,1469,1,1,0,1,1,0,-2,-2,-2,-2,-2,-2
22,2,3,7,2,17230.62145,6225,673,6115,828,1,2,2,-2,1972,4,8,-2,-2,-2,-2,-2,3,5,-2,-2,10,-2,3,2,0,3,6,0,0,1,-2,-2,-2,-2,-2,-2,-2,-2,-2,0,-2,-2,-2,-2,-2,-2,-2,-2,-2,0,-2,-2,-2,-2,1,1,1,0,0,1,0,0,0,0,0,0,0,0,0,0,0,0,0,0,0,0,0,0,0,0,0,0,0,0,0,0,0,0,0,0,0,0,0,0,0,0,0,0,0,0,0,0,0,0,0,0,1,1,0,-2,0,-2,4,0,-2,1,3,1,1,21,0,-2,1,4,1,1,1,21,4,2,1,3,0,-2,-2,-2,-2,-2,-2,-2,-2,-2,-2,-2,-2,-2,-2,-2,1,1,2,3,1,42,-2,-2,-2,-2,-2,-2,-2,0,-2,-2,-2,-2,-2,-2,0,0,0,0,0,0,0,0,0,0,0,0,0,0,0,0,0,0,0,0,0,0,0,0,0,0,0,0,0,0,0,0,0,0,0,0,0,0,0,0,0,0,0,0,0,0,0,0,0,1,1,3,2,2,3,0,-2,-2,-2,1,5,1,41,3,3,2,1,1,-2,1,0,0,0,1,0,0,5,-2,5,-2,2,2,1,0,0,1,0,0,0,1,1,0,3,-2,4,-2,1,2,1,0,0,0,0,1,0,0,0,0,5,-2,5,-2,1,1,1,1,3,0,1,-2,-2,-2,-2,-2,-2,-2,-2,-2,-2,1,0,0,1,0,0,0,0,0,0,-2,-2,0,1,0,0,1,2,0,1,1,-2,0,0,0,0,0,0,0,0,0,0,0,0,0,0,0,0,0,0,0,0,0,0,0,0,0,0,0,0,0,0,0,0,0,0,0,0,0,0,0,0,0,0,0,0,0,0,0,0,0,0,0,0,0,0,0,0,0,0,0,0,0,0,0,0,0,0,0,0,0,0,0,0,0,0,0,0,0,0,0,0,0,0,0,0,0,0,0,0,0,0,0,0,0,0,0,0,0,0,1,-2,-2,-2,3,1,0,42,-2,-2,-2,0,1,0,0,-2,0,-2,0,0,-2,0,-2,0,-2,1,0,0,-2,-2,-2,0,-2,0,-2,1,6,1,1,0,-2,-2,70,64,64,0,-2,0,0,0,0,0,0,0,0,0,0,0,0,0,0,0,0,0,0,0,0,0,0,0,0,0,0,0,0,0,0,0,0,1,1,1,0,2,41,0,-2,-2,-2,-2,-2,-2,0,0,0,0,0,0,0,0,0,0,0,0,1,-2,-2,2,-2,-2,-2,-2,-2,-2,-2,-2,-2,-2,-2,-2,-2,-2,-2,-2,-2,2,41,-2,-2,-2,-2,3,5,3,0,0,-2,0,0,0,0,0,0,0,0,0,0,0,0,0,0,0,0,0,0,0,0,0,0,0,0,0,0,0,-2,0,-2,-2,0,-2,0,-2,2,1,1,0,0,-2,-2,1,0,-2,0,0,30,2,3,-2,-2,3,0,-2,-2,-2,1,0,-2,-2,-2,0,-2,-2,-2,0,0,0,0,0,0,0,0,0,0,0,0,0,0,0,0,0,0,0,0,0,0,0,0,0,1,1,0,0,0,0,0,1,1,1,1,0,0,1,1,0,1,1,0,0,0,0,0,0,0,0,0,0,0,0,0,0,0,0,0,0,0,0,0,0,0,0,0,0,0,-2,1,-2,-2,-2,1,-2,1,1,1,-2,-2,-2,-2,-2,-2,-2,-2,-2,-2,-2,-2,-2,-2,-2,-2,-2,0,0,0,0,0,0,0,0,0,0,0,0,0,0,0,0,0,0,0,0,0,0,0,0,0,0,0,0,1,0,1,0,1,3,2,47,12,-2,-2,-2,-2,-2,-2,-2,-2,-2,-2,-2,-2,0,1,0,-2,0,1,0,0,0,0,0,19,0,0,0,0,0,0,0,0,0,0,0,0,0,0,0,0,0,0,0,0,0,0,0,0,0,0,0,0,0,0,0,0,0,0,0,0,0,0,0,0,0,1584,1584,1584,0,528,1056,0,0,0,0,0,0,9187,415.995,564.629,0,1206.751,6999.625,31346,1419.372,1926.512,0,4117.428,23882.688,1090,49.356,66.991,0,143.176,830.477,670,474.348,159.768,35.884,68675,48620.69,16376.205,3678.105,782,553.642,186.475,41.882,0,0,0,0,0,0,0,0,0,0,0,0,0,0,0,0,0,0,0,0,0,0,0,0,0,0,0,0,0,0,0,0,0,0,0,0,0,0,100021,50040,1927,16376,4117,27561,1872,603,67,186,143,872,1,1,0,1,1,0,-2,-2,-2,-2,-2,-2
23,1,2,3,2,10487.25726,5534,607,5461,777,4,3,2,-2,1950,2,8,-2,-2,-2,-2,-2,5,5,-2,-2,20,-2,2,1,0,2,4,0,0,1,-2,-2,-2,-2,-2,-2,-2,-2,-2,1,0,-2,0,-2,-2,0,-2,-2,1,0,-2,-2,-2,-2,0,-2,1,0,0,0,0,0,0,0,0,0,0,0,0,0,0,0,0,0,0,0,0,0,0,0,0,0,0,0,0,0,0,0,0,0,0,0,0,0,0,0,0,0,0,0,0,0,0,0,0,0,0,-2,1,5,2,5,6,1,2,1,1,0,0,-2,0,-2,0,0,-2,1,1,23,5,2,1,1,1,1,0,-2,-2,-2,-2,-2,-2,-2,-2,-2,-2,-2,-2,-2,0,-2,-2,-2,-2,-2,-2,-2,-2,-2,-2,-2,-2,1,11,1,1,1,0,-2,0,0,0,0,0,0,0,0,0,0,0,0,0,0,0,0,0,0,0,0,0,0,0,0,0,0,0,0,0,0,0,0,0,0,0,0,0,0,0,0,0,0,0,0,0,0,0,0,0,1,2,1,2,3,1,1,1,0,-2,1,5,3,1,1,3,2,1,0,0,0,0,1,0,0,0,0,2,-2,2,-2,-2,-2,-2,-2,-2,-2,-2,-2,-2,-2,-2,-2,-2,-2,-2,-2,-2,-2,-2,-2,-2,-2,-2,-2,-2,-2,-2,-2,-2,-2,-2,-2,1,1,1,1,5,0,1,-2,-2,-2,-2,-2,-2,-2,-2,-2,-2,1,0,0,1,0,1,0,0,0,0,0,-2,0,1,1,0,0,-2,-2,1,2,2,0,0,0,1,1,0,0,0,0,0,0,0,0,0,0,0,0,0,0,0,0,0,0,0,0,0,0,0,0,0,0,0,0,0,0,0,0,0,0,0,0,0,0,0,0,0,0,0,0,0,0,0,0,0,0,0,0,0,0,0,0,0,0,0,0,0,0,0,0,0,0,0,0,0,0,0,0,0,0,0,0,0,0,0,0,0,0,0,0,0,0,0,0,0,0,0,0,0,1,-2,-2,-2,3,3,1,3,-2,0,-2,0,0,0,0,-2,0,-2,0,0,-2,0,-2,0,-2,0,0,0,-2,-2,-2,0,-2,0,-2,-2,4,1,2,1,1,1,72,72,72,0,-2,0,0,0,0,0,0,0,1,0,0,0,0,0,0,0,0,0,0,0,0,0,0,0,0,0,0,0,0,0,0,0,1,0,2,3,0,-2,3,-2,-2,-2,-2,-2,-2,-2,0,0,0,0,0,0,1,0,0,0,0,0,0,2,-2,-2,-2,-2,-2,-2,-2,-2,-2,-2,-2,-2,-2,-2,-2,-2,-2,-2,-2,-2,-2,-2,-2,-2,-2,-2,0,-2,1,0,-2,0,0,0,0,0,0,0,0,0,0,0,0,0,0,0,0,0,0,0,0,0,0,0,0,0,0,0,-2,1,0,-2,0,-2,0,-2,0,-2,5,5,1,1,0,0,-2,-2,1,1,42,2,1,0,-2,1,0,-2,-2,-2,3,0,-2,-2,-2,0,-2,-2,-2,0,0,0,0,0,0,0,0,0,0,0,0,0,0,0,0,0,0,0,0,0,0,0,0,0,1,0,0,1,0,0,0,0,0,0,0,0,0,1,0,0,0,0,0,0,0,0,0,0,1,0,1,0,0,0,0,0,0,0,0,0,0,0,0,0,0,0,0,0,0,-2,-2,-2,-2,-2,1,-2,-2,-2,-2,-2,-2,1,-2,-2,-2,-2,-2,-2,-2,-2,-2,-2,-2,-2,-2,-2,0,0,0,0,0,0,0,0,0,0,0,0,0,0,0,0,0,0,0,0,0,0,0,0,0,0,0,0,2,1,0,1,1,2,1,35,-2,-2,-2,-2,-2,-2,-2,-2,-2,-2,-2,-2,-2,0,0,0,-2,0,1,0,0,0,0,0,24,0,0,0,0,0,0,0,0,0,0,1,0,0,0,0,0,0,0,0,0,0,0,0,0,0,0,0,0,0,0,0,0,0,0,0,0,0,0,0,0,0,3042,3042,3042,0,0,3042,0,0,0,0,0,0,13984,0,0,0,2401.285,11582.715,47713,0,0,0,8193.114,39519.886,2872,0,0,0,493.17,2378.83,0,0,0,0,0,0,0,0,0,0,0,0,0,0,0,0,0,0,0,0,0,0,0,0,700,604,96,0,97083,83837,13246,0,1924,1661,263,0,0,0,0,0,0,0,0,0,0,0,0,0,0,0,144796,83837,0,13246,8193,39520,4796,1661,0,263,493,2379,1,2,0,-2,-2,-2,-2,-2,5,3,-2,-2
24,3,5,17,2,7495.45904,454,3748,454,3477,3,5,1,-2,2000,7,7,-2,-2,-2,-2,-2,4,1,-2,-2,10,-2,4,2,1,4,8,0,0,1,-2,-2,-2,-2,-2,-2,-2,-2,-2,0,-2,-2,-2,-2,-2,-2,-2,-2,-2,1,3,2,0,0,-2,-2,-2,0,0,0,0,0,0,0,0,0,0,0,0,0,0,0,0,0,0,0,0,0,0,0,0,0,0,0,0,0,0,0,0,0,0,0,0,0,0,0,0,0,0,0,0,0,0,0,0,0,1,1,0,-2,0,-2,6,1,1,1,3,0,0,-2,0,-2,0,5,1,0,1,21,4,2,1,3,0,-2,-2,-2,-2,-2,-2,-2,-2,-2,-2,-2,-2,-2,-2,-2,0,-2,-2,-2,-2,-2,-2,-2,-2,-2,-2,-2,-2,1,11,41,-2,-2,-2,-2,0,0,0,0,0,0,0,0,0,0,0,0,0,0,0,0,0,0,0,0,0,0,0,0,0,0,0,0,0,0,0,0,0,0,0,0,0,0,0,0,0,0,0,0,0,0,0,0,0,1,2,1,3,3,41,-2,-2,-2,-2,1,1,1,41,2,2,2,1,0,0,0,0,0,0,1,0,0,3,-2,3,-2,2,1,1,0,0,0,0,0,0,0,0,0,3,-2,3,-2,-2,-2,-2,-2,-2,-2,-2,-2,-2,-2,-2,-2,-2,-2,-2,-2,0,0,-2,-2,-2,-2,-2,-2,-2,-2,-2,-2,-2,-2,-2,-2,-2,-2,-2,-2,-2,-2,-2,-2,0,0,0,-2,-2,0,0,1,0,0,-2,-2,1,2,1,0,0,0,0,0,0,0,0,0,0,0,0,0,0,0,0,0,0,0,0,0,0,0,0,0,0,0,0,0,0,0,0,0,0,0,0,0,0,0,0,0,0,0,0,0,0,0,0,0,0,0,0,0,0,0,0,0,0,0,0,0,0,0,0,0,0,0,0,0,0,0,0,0,0,0,0,0,0,0,0,0,0,0,0,0,0,0,0,0,0,0,0,0,0,0,0,0,0,1,-2,-2,-2,4,5,1,41,-2,0,-2,0,0,0,0,-2,0,-2,0,0,-2,0,-2,0,-2,0,0,0,-2,-2,-2,0,-2,0,-2,-2,8,1,1,1,0,0,78,78,77,0,-2,0,0,0,0,0,0,0,0,0,0,0,0,0,0,0,0,0,0,0,0,0,0,0,0,0,0,0,0,0,0,0,0,1,1,1,0,3,41,0,-2,-2,-2,-2,-2,-2,0,0,0,0,0,0,0,0,0,0,0,0,1,-2,-2,1,-2,1,0,1,41,-2,0,-2,8,2,1,1,0,0,78,78,77,-2,-2,-2,-2,-2,-2,-2,6,2,1,0,-2,0,0,0,0,0,0,0,0,0,0,0,0,0,0,0,0,0,0,0,0,0,0,0,0,0,0,1,1,0,-2,-2,0,-2,0,-2,1,0,1,0,0,-2,-2,-2,-2,-2,1,1,41,2,3,-2,-2,1,0,-2,-2,-2,4,0,-2,-2,-2,0,-2,-2,-2,0,0,0,0,0,0,0,0,0,0,0,0,0,0,0,0,0,0,0,0,0,0,0,0,0,1,1,0,0,0,0,0,0,1,0,1,0,0,1,0,0,1,1,1,0,0,0,0,0,0,0,0,0,0,0,0,0,0,0,0,0,0,0,0,0,0,0,0,0,0,-2,1,-2,-2,1,1,-2,-2,1,1,1,-2,-2,-2,-2,-2,-2,-2,-2,-2,-2,-2,-2,-2,-2,-2,-2,0,0,0,0,0,0,0,0,0,0,0,0,0,0,0,0,0,0,0,0,0,0,0,0,0,0,0,0,1,0,0,0,2,5,1,80,-2,-2,-2,-2,-2,-2,-2,-2,-2,-2,-2,-2,-2,0,1,0,-2,0,0,1,0,0,1,0,5,0,1,-2,-2,0,0,0,0,0,0,0,0,0,0,0,0,0,0,0,0,0,0,0,0,0,0,0,0,0,0,0,0,0,0,0,0,0,1,0,0,0,3834,3184,3184,650,3184,650,0,0,0,0,0,0,4413,225.091,2599.502,0,479.781,1108.627,15057,768.017,8869.582,0,1637.025,3782.669,551,28.098,324.497,0,59.891,138.391,239,0,182.622,56.378,24498,0,18719.124,5778.876,523,0,399.629,123.371,0,0,0,0,0,0,0,0,0,0,0,0,0,0,0,0,0,0,0,0,0,0,0,0,0,0,0,0,0,0,0,0,0,0,0,0,0,0,39555,768,8870,18719,1637,9562,1074,28,324,400,60,262,1,1,0,1,1,0,-2,-2,-2,-2,-2,-2
25,2,3,9,2,1137.558659,8510,238,8057,442,1,1,1,-2,1975,4,5,-2,-2,-2,-2,-2,3,6,-2,-2,20,-2,5,2,0,4,9,1,0,0,1,3,1,1,-2,0,-2,-2,1,1,0,-2,0,-2,-2,0,-2,-2,1,1,2,2,0,0,-2,-2,0,0,0,0,0,0,0,0,0,0,0,0,0,0,0,0,0,0,0,0,0,0,0,0,0,0,0,0,0,0,0,0,0,0,0,0,0,0,0,0,0,0,0,0,0,0,0,0,0,0,1,5,0,-2,0,-2,1,0,-2,1,3,1,1,2,0,-2,0,2,5,1,1,22,3,1,0,3,0,-2,-2,-2,-2,-2,-2,-2,-2,-2,-2,-2,-2,-2,-2,-2,0,-2,-2,-2,-2,-2,-2,-2,-2,-2,-2,-2,-2,1,30,2,0,1,0,-2,0,0,0,0,0,0,0,0,0,0,0,0,0,0,0,0,0,0,0,0,0,0,0,0,0,0,0,0,0,0,0,0,0,0,0,0,0,0,0,0,0,0,0,0,0,0,0,0,0,1,1,2,2,2,2,0,1,0,-2,1,5,1,2,4,2,2,1,1,-2,0,1,0,1,1,0,0,3,0,3,0,2,1,1,0,1,1,1,1,0,0,0,0,2,0,3,4,1,1,0,-2,0,0,0,0,0,0,0,0,1,-2,2,-2,1,3,1,1,3,1,-2,1,1,2,1,-2,2,-2,3,1,-2,1,0,0,1,0,0,2,1,1,0,0,-2,0,0,0,1,1,2,0,1,2,0,0,0,0,0,0,0,0,0,0,0,0,0,0,0,0,0,0,0,0,0,0,0,0,0,0,0,0,0,0,0,0,0,0,0,0,0,0,0,0,0,0,0,0,0,0,0,0,0,0,0,0,0,0,0,0,0,0,0,0,0,0,0,0,0,0,0,0,0,0,0,0,0,0,0,0,0,0,0,0,0,0,0,0,0,0,0,0,0,0,0,0,0,0,0,0,0,0,0,1,-2,-2,-2,3,1,1,5,-2,0,-2,0,1,0,0,-2,0,-2,0,0,-2,0,-2,1,7,0,0,0,-2,-2,-2,0,-2,0,-2,1,9,1,1,0,-2,-2,70,70,70,1,1,0,0,0,0,0,0,0,0,0,0,0,0,0,0,0,0,0,0,0,0,0,0,0,0,0,0,0,0,0,0,0,0,1,1,5,0,2,3,0,-2,-2,-2,-2,-2,-2,0,0,0,0,0,0,0,0,0,0,0,0,1,-2,-2,1,-2,0,0,0,3,-2,-2,-2,9,1,1,0,-2,-2,-2,-2,-2,-2,-2,-2,-2,-2,-2,-2,1,1,1,1,1,0,0,0,0,0,0,0,0,0,0,0,0,0,0,0,0,0,0,0,0,0,0,0,0,0,0,0,-2,0,-2,-2,0,-2,0,-2,6,4,3,3,0,-2,-2,1,0,-2,1,1,41,1,2,0,-2,1,1,41,-2,-2,4,1,3,-2,-2,0,-2,-2,-2,0,0,0,0,0,0,0,0,0,0,0,0,0,0,0,0,0,0,0,0,0,0,0,0,0,1,1,1,0,0,1,0,0,0,0,1,1,1,1,1,0,0,0,0,0,0,0,0,1,0,0,0,0,0,0,0,0,1,1,0,0,0,0,0,0,0,0,0,0,0,-2,-2,1,1,1,1,-2,1,-2,-2,-2,-2,-2,-2,-2,-2,-2,-2,-2,-2,-2,1,0,0,0,2,-2,0,0,0,0,0,0,0,0,0,0,0,0,0,0,0,0,0,0,0,0,0,0,0,0,0,0,0,0,2,0,0,0,1,3,2,67,7,-2,-2,-2,-2,-2,-2,-2,-2,-2,-2,-2,-2,0,1,0,-2,0,1,1,0,0,1,0,9,0,0,-2,-2,0,0,0,0,0,0,0,0,0,0,0,0,0,0,0,0,0,0,0,0,0,0,0,0,0,0,0,0,0,0,0,0,0,0,0,0,0,4455,4055,4055,400,3650,805,0,0,0,0,0,0,19041,0,512.357,4307.413,1469.851,12751.379,64968,0,1748.166,14696.916,5015.139,43507.779,2385,0,64.176,539.529,184.108,1597.187,1221,1221,0,0,125153,125153,0,0,1259,1259,0,0,0,0,0,0,0,0,0,0,0,0,0,0,0,0,0,0,0,0,0,0,0,0,0,0,0,0,0,0,0,0,0,0,0,0,0,0,20000,1,190121,125153,1748,14697,5015,43508,3644,1259,64,540,184,1597,1,1,0,1,1,0,-2,-2,-2,-2,-2,-2
26,1,1,2,4,4812.840098,6486,550,6782,573,1,2,2,-2,1920,1,8,1,-2,-2,-2,-2,3,6,0,1,-2,-2,3,1,0,2,5,1,0,0,0,-2,0,-2,-2,0,-2,-2,2,0,-2,-2,-2,-2,-2,-2,-2,-2,-2,-2,-2,-2,-2,-2,-2,-2,0,0,0,1,0,0,0,0,0,0,0,1,0,0,0,0,0,0,0,0,0,0,0,0,0,0,0,0,0,0,0,0,0,0,0,0,0,0,0,0,0,0,0,0,0,0,0,0,0,0,1,1,0,-2,0,-2,3,1,2,1,1,1,0,-2,0,-2,0,3,1,1,1,22,4,2,0,3,0,-2,-2,-2,-2,-2,-2,-2,-2,-2,-2,-2,-2,-2,-2,-2,0,-2,-2,-2,-2,-2,-2,-2,-2,-2,-2,-2,-2,0,-2,-2,-2,-2,-2,-2,0,0,0,0,0,0,0,0,0,0,0,0,0,0,0,0,0,0,0,0,0,0,0,0,0,1,0,0,0,0,0,0,0,0,0,0,0,0,0,0,0,0,0,0,0,0,0,0,0,1,1,2,1,3,1,-9,1,0,-2,1,5,1,1,4,3,2,1,0,0,0,0,0,0,1,0,0,3,-2,2,-2,2,1,0,-2,0,1,0,0,0,1,0,0,2,-2,1,-2,1,1,0,-2,0,0,1,0,0,1,0,0,2,4,2,4,1,1,2,-2,2,1,-2,-2,-2,-2,-2,-2,-2,-2,-2,-2,-2,1,0,0,1,0,1,0,0,0,-2,0,-2,0,0,0,0,0,-2,-2,1,2,1,0,0,0,0,0,0,0,0,0,0,0,0,0,0,0,0,0,0,0,0,0,0,0,0,0,0,0,0,0,0,0,0,0,0,0,0,0,0,0,0,0,0,0,0,0,0,0,0,0,0,0,0,0,0,0,0,0,0,0,0,0,0,0,0,0,0,0,0,0,0,0,0,0,0,0,0,0,0,0,0,0,0,0,0,0,0,0,0,0,0,0,0,0,0,0,0,0,0,1,-2,-2,-2,2,1,0,5,-2,-2,-2,0,1,0,0,-2,0,-2,0,0,-2,0,-2,0,-2,1,0,0,-2,-2,-2,0,-2,0,-2,1,5,1,1,0,-2,-2,75,70,75,0,-2,0,0,0,0,0,0,0,1,0,0,0,0,0,0,0,0,0,0,0,0,0,0,0,0,0,0,0,0,0,0,0,0,1,1,1,0,2,2,0,-2,-2,-2,-2,-2,-2,0,0,0,0,0,0,1,0,0,0,0,0,0,1,2,-2,-2,-2,-2,-2,-2,-2,-2,-2,-2,-2,-2,-2,-2,-2,-2,-2,-2,-2,-2,-2,-2,-2,-2,-2,1,1,0,0,-2,0,0,0,0,0,0,0,0,0,0,0,0,0,0,0,0,0,0,0,0,0,0,1,0,0,0,0,-2,-2,-2,-2,0,-2,0,-2,0,-2,3,3,-2,-2,-2,1,0,-2,0,0,41,2,3,-2,-2,3,0,-2,-2,-2,1,0,-2,-2,-2,0,-2,-2,-2,0,0,0,0,0,0,0,0,0,0,0,0,0,0,0,0,0,0,0,0,0,0,0,0,0,1,1,0,0,0,0,0,0,1,1,0,0,0,1,1,0,1,1,0,0,0,0,0,0,0,0,0,0,0,0,0,0,0,0,0,0,0,0,0,0,0,0,0,0,0,-2,1,-2,-2,-2,1,-2,1,1,1,-2,-2,-2,-2,-2,-2,-2,-2,-2,-2,-2,-2,-2,-2,-2,-2,-2,0,0,0,0,0,0,0,0,0,0,0,0,0,0,0,0,0,0,0,0,0,0,0,0,0,0,0,0,1,1,0,0,4,2,3,27,3,2,-2,-2,-2,-2,-2,-2,-2,-2,-2,-2,-2,0,0,0,-2,0,1,0,0,0,0,0,7,0,1,0,1,1,0,0,0,0,0,0,0,0,0,0,0,0,0,0,0,0,0,0,0,0,0,0,0,0,0,0,0,0,0,0,0,0,0,0,0,0,995,995,663,332,0,995,0,0,0,0,0,0,3125,318.806,0,0,648.899,2157.295,10663,1087.816,0,0,2214.148,7361.036,549,56.008,0,0,113.999,378.994,1388,908.313,339.223,140.463,142270,93102.134,34770.395,14397.471,2060,1348.073,503.458,208.468,0,0,0,0,0,0,0,0,0,0,0,0,0,0,0,0,0,0,0,0,0,0,0,0,0,0,0,0,0,0,0,0,0,0,0,0,0,0,152933,94190,0,34770,2214,21759,2609,1404,0,503,114,587,1,1,0,1,4,0,-2,-2,-2,-2,-2,-2
27,2,3,9,5,8884.939148,8166,305,8226,364,1,1,1,-2,1991,6,6,-2,-2,-2,3,5,1,-2,0,2,-2,-2,2,1,1,3,5,-2,-2,-2,-2,-2,-2,-2,-2,-2,-2,-2,-2,-2,-2,-2,-2,-2,-2,-2,-2,-2,-2,-2,-2,-2,-2,-2,-2,-2,1,0,0,0,0,0,0,0,0,0,0,0,0,0,0,0,0,0,0,0,0,0,0,0,0,0,0,0,0,0,0,0,0,0,0,0,0,0,0,0,0,0,0,0,0,0,0,0,0,0,1,5,0,-2,0,-2,4,0,-2,1,1,0,1,21,0,-2,1,3,5,1,1,21,5,2,1,3,0,-2,-2,-2,-2,-2,-2,-2,-2,-2,-2,-2,-2,-2,-2,-2,1,1,1,2,1,3,-2,-2,-2,-2,-2,-2,-2,1,30,2,0,1,0,-2,0,0,0,0,0,0,0,0,0,0,0,0,0,0,0,0,0,0,0,0,0,0,0,0,0,0,0,0,0,0,0,0,0,0,0,0,0,0,0,0,0,0,0,0,0,0,0,0,0,1,2,4,3,3,2,1,1,2,2,1,5,1,2,5,2,1,1,0,0,1,0,0,0,0,0,0,3,-2,3,-2,2,1,1,0,0,0,0,0,0,0,0,0,2,-2,2,-2,1,1,1,0,0,0,0,0,0,0,0,0,3,-2,3,-2,0,0,-2,-2,-2,-2,-2,-2,-2,-2,-2,-2,-2,-2,-2,-2,-2,-2,-2,-2,-2,-2,-2,-2,0,0,-2,0,-2,0,1,1,1,1,2,0,1,2,0,0,0,0,0,0,0,0,0,0,0,0,0,0,0,0,0,0,0,0,0,0,0,0,0,0,0,0,0,0,0,0,0,0,0,0,0,0,0,0,0,0,0,0,0,0,0,0,0,0,0,0,0,0,0,0,0,0,0,0,0,0,0,0,0,0,0,0,0,0,0,0,0,0,0,0,0,0,0,0,0,0,0,0,0,0,0,0,0,0,0,0,0,0,0,0,0,0,0,1,-2,-2,-2,5,5,0,42,-2,-2,-2,0,1,0,0,-2,0,-2,0,0,-2,0,-2,0,-2,1,0,0,-2,-2,-2,0,-2,0,-2,3,5,1,5,0,-2,-2,68,60,59,0,-2,0,0,0,0,0,0,0,0,0,0,0,0,0,0,0,0,0,0,0,0,0,0,0,0,0,0,0,0,0,0,0,0,1,1,5,0,2,42,0,-2,-2,-2,-2,-2,-2,0,0,0,0,0,0,0,0,0,0,0,0,1,-2,-2,2,-2,-2,-2,-2,-2,-2,-2,-2,-2,-2,-2,-2,-2,-2,-2,-2,-2,1,42,-2,-2,-2,-2,1,3,1,0,1,5,0,0,0,0,0,0,0,0,0,0,0,0,0,0,0,0,0,0,0,0,0,0,0,0,0,0,0,-2,-2,-2,-2,0,-2,0,-2,2,0,2,2,-2,-2,-2,0,-2,-2,0,0,41,2,3,-2,-2,1,1,1,3,2,4,1,1,0,-2,0,-2,-2,-2,0,0,0,0,0,0,0,0,0,0,0,0,0,0,0,0,0,0,0,0,0,0,0,0,0,1,0,0,0,0,0,0,1,1,1,1,1,1,1,0,0,0,0,0,0,0,0,0,0,0,0,0,0,0,0,0,0,0,0,0,0,0,0,0,0,0,0,0,0,0,-2,1,1,1,-2,1,-2,-2,-2,-2,-2,-2,-2,-2,-2,-2,-2,-2,-2,-2,-2,-2,-2,-2,-2,-2,-2,0,0,0,0,0,0,0,0,0,0,0,0,0,0,0,0,0,0,0,0,0,0,0,0,0,0,0,0,2,0,1,0,1,2,2,70,13,-2,-2,-2,-2,-2,-2,-2,-2,-2,-2,-2,-2,0,1,0,-2,0,0,1,0,0,1,0,16,0,0,-2,-2,0,0,0,0,0,0,0,0,0,0,0,0,0,0,0,0,0,0,0,0,0,0,0,0,0,0,0,0,0,0,0,0,0,0,0,0,0,2781,2781,2781,0,556,2224,0,0,0,0,0,0,11688,3826.607,33.268,1634.263,1224.278,4969.584,39879,13056.233,113.509,5576.041,4177.19,16956.027,1435,469.814,4.084,200.647,150.311,610.143,0,0,0,0,0,0,0,0,0,0,0,0,0,0,0,0,0,0,0,0,0,0,0,0,0,0,0,0,0,0,0,0,0,0,0,0,0,0,0,0,0,0,0,0,0,0,0,0,0,0,39879,13056,114,5576,4177,16956,1435,470,4,201,150,610,1,1,0,-2,-2,-2,-2,-2,-2,-2,-2,-2
28,4,10,26,2,8324.527796,871,1364,1070,1260,2,4,2,-2,1928,1,4,-2,-2,-2,-2,-2,2,5,-2,-2,10,-2,2,1,1,2,4,1,0,0,0,-2,0,-2,-2,0,-2,-2,1,0,-2,-2,-2,-2,-2,-2,-2,-2,-2,0,-2,-2,-2,-2,0,-2,-2,0,0,1,0,0,0,0,0,0,0,0,0,0,0,0,0,0,0,0,0,0,0,0,0,0,0,0,0,0,0,0,0,0,0,0,0,0,0,0,0,0,0,0,0,0,0,0,0,0,1,1,0,-2,0,-2,6,1,2,1,3,0,1,21,0,-2,0,1,1,0,1,1,3,2,0,2,0,1,0,-2,-2,-2,-2,-2,-2,-2,-2,-2,-2,-2,-2,-2,0,-2,-2,-2,-2,-2,-2,-2,-2,-2,-2,-2,-2,0,-2,-2,-2,-2,-2,-2,0,0,0,0,0,0,0,0,0,0,0,0,0,0,0,0,0,0,0,0,0,0,0,0,0,0,0,0,0,0,0,0,0,0,0,0,0,0,0,0,0,0,0,0,0,0,0,0,0,0,-2,-2,-2,-2,-2,-2,-2,-2,-2,0,-2,-2,-2,2,1,1,1,0,1,0,0,0,1,1,0,0,4,-2,4,-2,1,1,0,-2,0,0,0,0,1,0,0,0,4,-2,4,-2,-2,-2,-2,-2,-2,-2,-2,-2,-2,-2,-2,-2,-2,-2,-2,-2,0,0,-2,-2,-2,-2,-2,-2,-2,-2,-2,-2,-2,-2,-2,-2,-2,-2,-2,-2,-2,-2,-2,-2,0,0,0,-2,0,0,0,1,0,0,-2,-2,0,-2,-2,0,0,0,0,0,0,0,0,0,0,0,0,0,0,0,0,0,0,0,0,0,0,0,0,0,0,0,0,0,0,0,0,0,0,0,0,0,0,0,0,0,0,0,0,0,0,0,0,0,0,0,0,0,0,0,0,0,0,0,0,0,0,0,0,0,0,0,0,0,0,0,0,0,0,0,0,0,0,0,0,0,0,0,0,0,0,0,0,0,0,0,0,0,0,0,0,0,0,1,-2,-2,-2,7,1,0,5,-2,-2,-2,0,0,0,0,-2,0,-2,0,0,-2,0,-2,0,-2,0,0,0,-2,-2,-2,0,-2,0,-2,-2,1,1,1,0,-2,-2,70,70,60,0,-2,0,0,0,0,0,0,0,0,0,0,0,0,0,0,0,0,0,0,0,0,0,0,0,0,0,0,0,0,0,0,0,0,1,1,1,0,2,2,1,0,-2,-2,-2,-2,-2,0,0,0,0,0,0,0,0,0,0,0,0,0,2,-2,-2,-2,-2,-2,-2,-2,-2,-2,-2,-2,-2,-2,-2,-2,-2,-2,-2,-2,-2,-2,-2,-2,-2,-2,-2,1,2,0,0,-2,0,0,0,0,0,0,0,0,0,0,0,0,0,0,0,0,0,0,0,0,0,0,0,0,0,0,0,-2,0,-2,-2,0,-2,1,0,2,0,1,0,0,-2,-2,-2,-2,-2,0,0,30,1,1,0,-2,2,0,-2,-2,-2,3,1,3,-2,-2,0,-2,-2,-2,0,0,0,0,0,0,0,0,0,0,0,0,0,0,0,0,0,0,0,0,0,0,0,0,0,1,1,0,0,0,0,0,1,0,0,0,0,0,1,1,0,1,1,0,0,0,0,0,0,0,0,0,0,0,0,0,0,0,0,0,0,0,0,0,0,0,0,0,0,0,-2,-2,-2,-2,-2,1,-2,1,1,1,-2,-2,-2,-2,-2,-2,-2,-2,-2,-2,-2,-2,-2,-2,-2,-2,-2,0,0,0,0,0,0,0,0,0,0,0,0,0,0,0,0,0,0,0,0,0,0,0,0,0,0,0,0,1,0,0,1,1,2,1,60,-2,-2,-2,-2,-2,-2,-2,-2,-2,-2,-2,-2,-2,0,1,0,-2,0,0,0,0,1,0,0,1,1,1,0,0,1,0,0,0,0,0,1,0,0,0,0,0,0,0,0,0,0,0,0,0,0,0,0,0,0,0,0,0,0,0,0,0,0,0,0,0,0,1090,1090,209,881,0,1090,1,1,1,1,1,1,2170,0,0,0,808.839,1361.161,7404,0,0,0,2759.795,4644.335,50,0,0,0,18.642,31.372,318,217.68,54.478,45.842,32595,22312.184,5584.054,4698.763,272,186.389,46.648,39.252,0,0,0,0,0,0,0,0,0,0,0,0,0,0,0,0,0,0,0,0,0,0,0,0,0,0,0,0,0,0,0,0,0,0,0,0,0,0,39999,22312,0,5584,2760,9343,322,186,0,47,19,71,1,1,0,1,1,0,-2,-2,-2,-2,-2,-2
29,3,5,17,1,11829.91777,520,3739,442,3450,3,5,1,-2,1972,4,7,-2,-2,-2,-2,-2,3,3,-2,-2,10,1,1,1,0,1,2,-2,-2,-2,-2,-2,-2,-2,-2,-2,-2,-2,-2,-2,-2,-2,-2,-2,-2,-2,-2,-2,-2,0,-2,-2,-2,-2,1,4,0,0,0,0,0,0,0,0,0,0,0,0,0,0,0,0,0,0,0,0,0,0,0,0,0,0,0,0,0,0,0,0,0,0,0,0,0,0,0,0,0,0,0,0,0,0,0,0,0,0,1,5,0,-2,0,-2,4,0,-2,1,1,0,1,21,0,-2,0,2,5,0,1,1,2,2,0,1,1,1,0,-2,-2,-2,-2,-2,-2,-2,-2,-2,-2,-2,-2,-2,0,-2,-2,-2,-2,-2,-2,-2,-2,-2,-2,-2,-2,0,-2,-2,-2,-2,-2,-2,0,0,0,0,0,0,0,0,0,0,0,0,0,0,0,0,0,0,0,0,0,0,0,0,0,0,0,0,0,0,0,0,0,0,0,0,0,0,0,0,0,0,0,0,0,0,0,0,0,0,-2,-2,-2,-2,-2,-2,-2,-2,-2,0,-2,-2,-2,1,2,3,1,0,0,0,0,0,1,1,0,0,4,-2,4,-2,-2,-2,-2,-2,-2,-2,-2,-2,-2,-2,-2,-2,-2,-2,-2,-2,-2,-2,-2,-2,-2,-2,-2,-2,-2,-2,-2,-2,-2,-2,-2,-2,0,0,-2,-2,-2,-2,-2,-2,-2,-2,-2,-2,-2,-2,-2,-2,-2,-2,-2,-2,-2,-2,-2,-2,0,0,0,-2,-2,0,0,0,0,1,2,0,1,1,-2,0,0,0,0,0,0,0,0,0,0,0,0,0,0,0,0,0,0,0,0,0,0,0,0,0,0,0,0,0,0,0,0,0,0,0,0,0,0,0,0,0,0,0,0,0,0,0,0,0,0,0,0,0,0,0,0,0,0,0,0,0,0,0,0,0,0,0,0,0,0,0,0,0,0,0,0,0,0,0,0,0,0,0,0,0,0,0,0,0,0,0,0,0,0,0,0,0,0,0,1,12,5,-2,-2,-2,5,-2,-2,-2,-2,-2,-2,-2,-2,-2,-2,-2,-2,-2,-2,-2,-2,-2,-2,-2,-2,-2,-2,-2,-2,-2,-2,-2,-2,-2,-2,-2,-2,-2,-2,-2,-2,-2,0,-2,0,0,0,0,0,0,0,0,0,0,0,0,0,0,0,0,0,0,0,0,0,0,0,0,0,0,0,0,0,0,0,0,1,1,5,0,1,5,0,-2,-2,-2,-2,-2,-2,0,0,0,0,0,0,0,0,0,0,0,0,1,-2,-2,2,-2,-2,-2,-2,-2,-2,-2,-2,-2,-2,-2,-2,-2,-2,-2,-2,-2,1,3,0,-2,-2,-2,2,2,4,0,0,-2,0,0,0,0,0,0,0,0,0,0,0,0,0,0,0,0,0,0,0,0,0,0,0,0,0,0,-2,-2,-2,-2,-2,0,-2,0,-2,1,1,1,1,-2,-2,-2,1,2,4,0,0,60,1,3,-2,-2,3,0,-2,-2,-2,4,0,-2,-2,-2,0,-2,-2,-2,0,0,0,0,0,0,0,0,0,0,0,0,0,0,0,0,0,0,0,0,0,0,0,0,0,1,0,0,0,0,0,0,1,0,0,1,1,1,1,0,0,0,0,0,0,0,0,0,0,0,0,0,0,0,0,0,0,0,0,0,0,0,0,0,0,0,0,0,0,0,-2,-2,1,1,-2,1,-2,-2,-2,-2,-2,-2,-2,-2,-2,-2,-2,-2,-2,-2,-2,-2,-2,-2,-2,-2,-2,0,0,0,0,0,0,0,0,0,0,0,0,0,0,0,0,0,0,0,0,0,0,0,0,0,0,0,0,2,0,0,0,1,3,1,55,-2,-2,-2,-2,-2,-2,-2,-2,-2,-2,-2,-2,-2,0,1,0,-2,0,0,0,0,0,1,0,2,1,1,-2,-2,0,0,0,0,0,0,0,0,0,0,0,0,0,0,0,0,0,0,0,0,0,0,0,0,0,0,0,0,0,0,0,0,0,0,0,0,0,400,400,0,400,200,200,0,0,0,0,0,0,2447,0,729.276,762.177,200.104,755.443,8349,0,2488.242,2600.496,682.741,2577.521,337,0,100.436,104.967,27.558,104.039,0,0,0,0,0,0,0,0,0,0,0,0,0,0,0,0,0,0,0,0,0,0,0,0,0,0,0,0,0,0,0,0,0,0,0,0,0,0,0,0,0,0,0,0,0,0,0,0,0,0,8349,0,2488,2600,683,2578,337,0,100,105,28,104,1,1,0,-2,-2,-2,-2,-2,-2,-2,-2,-2
30,3,7,21,2,8101.628218,1924,2935,2126,2596,3,5,1,-2,2000,7,8,-2,-2,-2,-2,-2,1,5,-2,-2,10,-2,3,2,0,4,7,0,0,1,-2,-2,-2,-2,-2,-2,-2,-2,-2,0,-2,-2,-2,-2,-2,-2,-2,-2,-2,1,2,2,0,0,-2,-2,1,0,0,0,0,0,0,0,0,0,0,0,0,0,0,0,0,0,0,0,0,0,0,0,0,0,0,0,0,0,0,0,0,0,0,0,0,0,0,0,0,0,0,0,0,0,0,0,0,0,1,5,0,-2,0,-2,2,1,2,1,1,0,0,-2,0,-2,1,1,5,1,1,21,5,2,1,1,1,1,3,4,-2,-2,-2,-2,-2,-2,-2,-2,-2,-2,-2,-2,0,-2,-2,-2,-2,-2,-2,-2,-2,-2,-2,-2,-2,0,-2,-2,-2,-2,-2,-2,0,0,0,0,0,0,0,0,0,0,0,0,0,0,0,0,0,0,0,0,0,0,0,0,0,0,0,0,0,0,0,0,0,0,0,0,0,0,0,0,0,0,0,0,0,0,0,0,0,1,1,2,3,3,1,1,1,3,4,1,5,1,1,2,3,2,2,1,-2,0,1,0,0,1,1,0,5,2,5,2,1,2,0,-2,0,0,0,0,0,1,0,0,3,-2,3,-2,-2,-2,-2,-2,-2,-2,-2,-2,-2,-2,-2,-2,-2,-2,-2,-2,1,1,2,-2,5,1,-2,-2,-2,-2,-2,-2,-2,-2,-2,-2,-2,1,0,0,1,0,0,1,0,0,0,-2,0,0,1,0,0,0,-2,-2,1,2,0,0,0,0,0,0,0,0,0,0,0,0,0,0,0,0,0,0,0,0,0,0,0,0,0,0,0,0,0,0,0,0,0,0,0,0,0,0,0,0,0,0,0,0,0,0,0,0,0,0,0,0,0,0,0,0,0,0,0,0,0,0,0,0,0,0,0,0,0,0,0,0,0,0,0,0,0,0,0,0,0,0,0,0,0,0,0,0,0,0,0,0,0,0,0,0,0,0,0,1,-2,-2,-2,3,5,0,41,-2,-2,-2,0,1,0,0,-2,0,-2,0,0,-2,0,-2,0,-2,0,0,1,7,-2,-2,0,-2,0,-2,1,4,1,1,0,-2,-2,70,70,65,1,1,0,0,0,0,0,0,1,0,0,0,0,0,0,0,0,0,0,0,0,0,0,0,0,0,0,0,0,0,0,0,0,0,1,1,5,0,3,1,0,-2,-2,-2,-2,-2,-2,0,0,0,0,0,0,0,0,0,0,0,0,0,1,1,-2,-2,-2,-2,-2,-2,-2,-2,-2,-2,-2,-2,-2,-2,-2,-2,-2,-2,-2,-2,-2,-2,-2,-2,-2,3,1,0,1,1,0,0,0,0,0,0,0,0,0,0,0,0,0,0,0,0,0,0,0,0,0,0,0,0,0,0,0,-2,0,-2,-2,0,-2,1,1,1,1,5,5,2,2,0,1,0,-2,0,0,41,2,3,-2,-2,3,0,-2,-2,-2,1,0,-2,-2,-2,0,-2,-2,-2,0,0,0,0,0,0,0,0,0,0,0,0,0,0,0,0,0,0,0,0,0,0,0,0,0,1,0,0,0,0,1,0,0,1,0,0,1,1,1,0,0,0,0,0,0,0,0,0,0,0,0,0,0,0,0,0,0,1,1,0,0,0,0,0,0,0,0,0,0,0,-2,1,1,1,-2,1,-2,-2,-2,-2,-2,-2,-2,-2,-2,-2,-2,-2,-2,-2,-2,1,0,0,0,2,-2,0,0,0,0,0,0,0,0,0,0,0,0,0,0,0,0,0,0,0,0,0,0,0,0,0,0,0,0,2,1,1,0,1,3,3,26,5,1,-2,-2,-2,-2,-2,-2,-2,-2,-2,-2,-2,0,1,0,-2,0,1,0,0,0,0,0,15,0,0,-2,-2,1,0,0,0,0,0,0,0,0,0,0,0,0,0,0,0,0,0,0,0,0,0,0,0,0,0,0,0,0,0,0,0,0,0,0,0,0,2410,2010,1149,1261,0,2410,0,0,0,0,0,0,13137,2188.315,0,2575.746,1406.884,6966.055,44823,7466.455,0,8788.36,4800.24,23767.945,1627,271.02,0,319.003,174.241,862.737,0,0,0,0,0,0,0,0,0,0,0,0,0,0,0,0,0,0,0,0,0,0,0,0,0,0,0,0,0,0,0,0,0,0,0,0,0,0,0,0,0,0,0,0,0,0,0,0,20000,1,44823,7466,0,8788,4800,23768,1627,271,0,319,174,863,3,5,3,-2,-2,-2,-2,-2,-2,-2,-2,-2
31,1,1,2,2,3912.874443,6510,424,6661,482,1,2,1,-2,1978,4,4,-2,-2,-2,-2,-2,3,5,-2,-2,10,-2,3,1,1,4,7,1,0,0,1,1,1,2,3,0,-2,-2,1,1,0,-2,0,-2,-2,0,-2,-2,1,0,-2,-2,-2,-2,0,-2,1,0,0,0,0,0,0,0,0,0,0,0,0,0,0,0,0,0,0,0,0,0,0,0,0,0,0,0,0,0,0,0,0,0,0,0,0,0,0,0,0,0,0,0,0,0,0,0,0,0,1,5,0,-2,0,-2,3,1,2,1,3,0,1,2,0,-2,1,3,5,1,1,4,4,2,0,3,0,-2,-2,-2,-2,-2,-2,-2,-2,-2,-2,-2,-2,-2,-2,-2,0,-2,-2,-2,-2,-2,-2,-2,-2,-2,-2,-2,-2,1,13,1,1,1,0,-2,0,0,0,0,0,0,0,0,0,0,0,0,0,0,0,0,0,0,0,0,0,0,0,0,0,0,0,0,0,0,0,0,0,0,0,0,0,0,0,0,0,0,0,0,0,0,0,0,0,1,1,2,3,3,2,0,1,0,-2,1,5,1,3,5,3,2,1,0,1,0,0,1,1,0,0,0,3,-2,4,-2,2,1,0,-2,0,0,0,0,0,0,0,0,2,-2,3,-2,2,1,0,-2,0,0,0,0,0,0,0,0,1,-2,2,-2,1,2,1,1,1,1,-2,1,1,1,1,-2,-2,-2,-2,-2,-2,1,0,0,1,0,1,2,0,0,0,0,-2,0,0,1,1,0,-2,-2,1,2,0,0,0,0,0,0,0,0,0,0,0,0,0,0,0,0,0,0,0,0,0,0,0,0,0,0,0,0,0,0,0,0,0,0,0,0,0,0,0,0,0,0,0,0,0,0,0,0,0,0,0,0,0,0,0,0,0,0,0,0,0,0,0,0,0,0,0,0,0,0,0,0,0,0,0,0,0,0,0,0,0,0,0,0,0,0,0,0,0,0,0,0,0,0,0,0,0,0,0,1,-2,-2,-2,3,3,1,41,-2,0,-2,0,1,0,0,-2,0,-2,0,0,-2,0,-2,1,21,0,0,0,-2,-2,-2,0,-2,0,-2,3,7,1,2,0,-2,-2,70,70,70,1,2,0,0,0,0,0,0,0,0,0,0,0,0,0,0,0,0,0,0,0,0,0,0,0,0,0,0,0,0,0,0,0,0,1,1,3,0,3,41,0,-2,-2,-2,-2,-2,-2,0,0,0,0,0,0,0,0,0,0,0,0,1,-2,-2,1,-2,0,0,0,1,1,3,4,4,3,1,1,0,0,70,70,70,-2,-2,-2,-2,-2,-2,-2,3,1,1,1,2,0,0,0,0,0,0,0,0,0,0,0,0,0,0,0,0,0,0,0,0,0,0,0,0,0,0,0,-2,0,-2,-2,0,-2,0,-2,2,0,3,0,0,-2,-2,-2,-2,-2,1,1,41,2,1,3,2,2,1,5,-2,-2,4,0,-2,-2,-2,0,-2,-2,-2,0,0,0,0,0,0,0,0,0,0,0,0,0,0,0,0,0,0,0,0,0,0,0,0,0,1,0,1,1,0,0,0,1,0,0,1,0,1,1,0,0,0,0,0,0,0,0,0,1,1,0,1,0,0,0,0,0,0,0,0,0,0,0,0,0,1,1,0,0,0,-2,-2,-2,1,1,1,-2,-2,-2,-2,-2,-2,1,-2,-2,-2,-2,-2,-2,-2,-2,-2,-2,-2,-2,-2,-2,0,0,0,0,0,0,0,0,0,0,0,0,0,0,0,0,0,0,0,0,0,0,0,0,0,0,0,0,1,1,1,0,1,3,2,59,13,-2,-2,-2,-2,-2,-2,-2,-2,-2,-2,-2,-2,0,0,1,4,0,1,0,0,0,0,0,23,0,0,-2,-2,0,0,0,0,0,0,0,0,0,0,0,0,0,0,0,0,0,0,0,0,0,0,0,0,0,0,0,0,0,0,0,0,0,0,0,0,0,1638,1638,1365,273,624,1014,0,0,0,0,0,0,11009,0,301.465,0,1631.835,9075.701,37563,0,1028.605,0,5567.863,30966.532,1331,0,36.447,0,197.291,1097.262,0,0,0,0,0,0,0,0,0,0,0,0,0,0,0,0,0,0,0,0,0,0,0,0,502,377.249,124.751,0,69622,52330.755,17291.555,0,1233,926.155,306.39,0,0,0,0,0,0,0,0,0,0,0,0,0,0,0,107185,52331,1029,17292,5568,30967,2564,926,36,306,197,1097,1,1,0,-2,-2,-2,-2,-2,1,0,-2,-2
32,4,10,26,3,4993.178537,1215,792,1284,714,2,4,2,-2,1970,4,8,-2,-2,-2,-2,-2,4,2,-2,-2,10,-2,2,1,0,2,4,0,0,1,-2,-2,-2,-2,-2,-2,-2,-2,-2,0,-2,-2,-2,-2,-2,-2,-2,-2,-2,0,-2,-2,-2,-2,0,-2,1,0,0,0,0,0,0,0,0,0,0,0,0,0,0,0,0,0,0,0,0,0,0,0,0,0,0,0,0,0,0,0,0,0,0,0,0,0,0,0,0,0,0,0,0,0,0,0,0,0,1,5,0,-2,0,-2,4,1,2,1,1,1,0,-2,0,-2,0,2,5,1,1,22,3,2,0,5,-2,-2,-2,-2,-2,-2,-2,-2,-2,-2,-2,-2,-2,-2,-2,-2,0,-2,-2,-2,-2,-2,-2,-2,-2,-2,-2,-2,-2,0,-2,-2,-2,-2,-2,-2,0,0,0,0,0,0,0,0,0,0,0,0,0,0,0,0,0,0,0,0,0,0,0,0,0,0,0,0,0,0,0,0,0,0,0,0,0,0,0,0,0,0,0,0,0,0,0,0,0,1,1,2,2,2,2,1,1,0,-2,1,5,1,2,3,1,1,2,1,-2,1,1,0,0,0,0,0,2,0,3,0,1,1,2,0,0,1,0,0,0,1,0,0,1,-2,2,-2,1,1,2,1,-2,1,0,0,0,0,0,0,2,-2,2,-2,1,1,2,-2,1,0,0,-2,-2,-2,-2,-2,-2,-2,-2,-2,-2,1,0,1,0,0,0,1,0,0,0,-2,0,0,1,1,1,0,-2,-2,1,2,2,0,0,0,0,0,0,0,0,0,0,0,0,0,0,0,0,0,0,0,0,0,0,0,0,0,0,0,0,0,0,0,0,0,0,0,0,0,0,0,0,0,0,0,0,0,0,0,0,0,0,0,0,0,0,0,0,0,0,0,0,0,0,0,0,0,0,0,0,0,0,0,0,0,0,0,0,0,0,0,0,0,0,0,0,0,0,0,0,0,0,0,0,0,0,0,0,0,0,0,1,5,5,-2,-2,-2,5,-2,-2,-2,-2,-2,-2,-2,-2,-2,-2,-2,-2,-2,-2,-2,-2,-2,-2,-2,-2,-2,-2,-2,-2,-2,-2,-2,-2,-2,-2,-2,-2,-2,-2,-2,-2,-2,0,-2,0,0,0,0,0,0,0,0,0,0,0,0,0,0,0,0,0,0,0,0,0,0,0,0,0,0,0,0,0,0,0,0,1,1,5,0,1,5,0,-2,-2,-2,-2,-2,-2,0,0,0,0,0,0,0,0,0,0,0,0,0,2,-2,-2,-2,-2,-2,-2,-2,-2,-2,-2,-2,-2,-2,-2,-2,-2,-2,-2,-2,-2,-2,-2,-2,-2,-2,-2,0,-2,0,0,-2,0,0,0,0,0,0,0,0,0,0,0,0,0,0,0,0,0,0,0,0,0,0,0,0,0,0,0,-2,0,-2,-2,0,-2,0,-2,0,-2,1,1,1,1,0,1,2,4,1,1,20,1,3,-2,-2,2,0,-2,-2,-2,3,1,1,2,4,0,-2,-2,-2,0,0,0,0,0,0,0,0,0,0,0,0,0,0,0,0,0,0,0,0,0,0,0,0,0,1,0,0,0,0,0,0,0,0,0,0,1,1,1,0,0,0,0,0,0,0,0,0,0,0,0,0,0,0,0,0,0,0,0,0,0,0,0,0,0,0,0,0,0,0,-2,-2,1,1,-2,1,-2,-2,-2,-2,-2,-2,-2,-2,-2,-2,-2,-2,-2,-2,-2,-2,-2,-2,-2,-2,-2,0,0,0,0,0,0,0,0,0,0,0,0,0,0,0,0,0,0,0,0,0,0,0,0,0,0,0,0,1,2,0,1,1,2,3,45,4,2,-2,-2,-2,-2,-2,-2,-2,-2,-2,-2,-2,0,0,0,-2,0,1,0,1,0,0,1,5,1,1,1,-2,0,0,0,0,0,0,0,0,0,0,0,0,0,0,0,0,0,0,0,0,0,0,0,0,0,0,0,0,0,0,0,0,0,0,0,0,0,840,840,0,840,0,840,0,0,0,0,0,0,6925,0,0,2293.902,745.27,3885.829,23628,0,0,7826.76,2542.849,13258.391,1030,0,0,341.187,110.849,577.964,0,0,0,0,0,0,0,0,0,0,0,0,0,0,0,0,0,0,0,0,0,0,0,0,0,0,0,0,0,0,0,0,0,0,0,0,0,0,0,0,0,0,0,0,0,0,0,0,0,0,23628,0,0,7827,2543,13258,1030,0,0,341,111,578,1,1,0,-2,-2,-2,-2,-2,-2,-2,-2,-2
33,2,4,12,2,2711.432676,5205,941,5290,1234,4,3,1,-2,1976,4,4,-2,-2,-2,-2,-2,4,5,-2,-2,10,-2,3,1,1,4,7,1,0,0,0,-2,0,-2,-2,0,-2,-2,1,0,-2,-2,-2,-2,-2,-2,-2,-2,-2,1,2,1,0,0,-2,-2,1,0,0,0,0,0,0,0,0,0,0,0,0,0,0,0,0,0,0,0,0,0,0,0,0,0,0,0,0,0,0,0,0,0,0,0,0,0,0,0,0,0,0,0,0,0,0,0,0,0,1,5,0,-2,0,-2,6,1,2,1,1,1,0,-2,0,-2,0,3,5,1,1,1,3,2,0,5,-2,-2,-2,-2,-2,-2,-2,-2,-2,-2,-2,-2,-2,-2,-2,-2,1,1,1,3,2,5,-2,-2,-2,-2,-2,-2,-2,0,-2,-2,-2,-2,-2,-2,0,0,0,0,0,0,0,0,0,0,0,0,0,0,0,0,0,0,0,0,0,0,0,0,0,0,0,0,0,0,0,0,0,0,0,0,0,0,0,0,0,0,0,0,0,0,0,0,0,1,1,2,2,2,3,1,-2,-2,-2,1,5,1,3,1,2,1,0,-2,0,0,0,0,1,1,0,0,2,-2,2,-2,-2,-2,-2,-2,-2,-2,-2,-2,-2,-2,-2,-2,-2,-2,-2,-2,-2,-2,-2,-2,-2,-2,-2,-2,-2,-2,-2,-2,-2,-2,-2,-2,0,0,-2,-2,-2,-2,-2,-2,-2,-2,-2,-2,-2,-2,-2,-2,-2,-2,-2,-2,-2,-2,-2,-2,0,0,0,-2,-2,0,0,0,0,0,-2,-2,1,2,0,0,0,0,0,0,0,0,0,0,0,0,0,0,0,0,0,0,0,0,0,0,0,0,0,0,0,0,0,0,0,0,0,0,0,0,0,0,0,0,0,0,0,0,0,0,0,0,0,0,0,0,0,0,0,0,0,0,0,0,0,0,0,0,0,0,0,0,0,0,0,0,0,0,0,0,0,0,0,0,0,0,0,0,0,0,0,0,0,0,0,0,0,0,0,0,0,0,0,1,-2,-2,-2,3,5,0,5,-2,-2,-2,0,1,1,0,-2,0,-2,0,0,-2,0,-2,1,7,0,0,1,7,-2,-2,0,-2,0,-2,1,7,1,1,0,-2,-2,72,68,68,0,-2,0,0,0,0,0,0,0,0,0,0,0,0,0,0,0,0,0,0,0,0,0,0,0,0,0,0,0,0,0,0,0,0,1,1,5,0,2,5,0,-2,-2,-2,-2,-2,-2,0,0,0,0,0,0,0,0,0,0,0,0,1,-2,-2,1,-2,1,0,0,5,-2,-2,-2,7,1,1,0,-2,-2,-2,-2,-2,-2,-2,-2,-2,-2,-2,-2,0,-2,1,0,-2,0,0,0,0,0,0,0,0,0,0,0,0,0,0,0,0,0,0,0,0,0,0,0,0,0,0,0,-2,0,-2,-2,0,-2,0,-2,0,-2,3,0,0,-2,-2,-2,-2,-2,1,1,41,1,3,-2,-2,2,0,-2,-2,-2,3,0,-2,-2,-2,0,-2,-2,-2,0,0,0,0,0,0,0,0,0,0,0,0,0,0,0,0,0,0,0,0,0,0,0,0,0,1,0,0,0,0,1,0,0,1,1,1,1,1,1,0,0,0,0,0,0,0,0,0,0,0,0,0,0,0,0,0,0,1,1,0,0,0,0,0,0,0,0,0,0,0,-2,1,1,1,1,1,-2,-2,-2,-2,-2,-2,-2,-2,-2,-2,-2,-2,-2,-2,-2,0,1,0,0,1,-2,0,0,0,0,0,0,0,0,0,0,0,0,0,0,0,0,0,0,0,0,0,0,0,0,0,0,0,0,1,1,1,0,1,2,2,56,11,-2,-2,-2,-2,-2,-2,-2,-2,-2,-2,-2,-2,0,0,0,-2,0,1,0,0,0,0,0,10,0,0,-2,-2,0,0,0,0,0,0,0,0,0,0,0,0,0,0,0,0,0,0,0,0,0,0,0,0,0,0,0,0,0,0,0,0,0,0,0,0,0,1800,1400,900,900,900,900,0,0,0,0,0,0,32493,9733.563,822.564,6493.75,2227.545,13215.578,110866,33210.883,2806.587,22156.651,7600.375,45091.504,2022,605.708,51.187,404.098,138.617,822.389,0,0,0,0,0,0,0,0,0,0,0,0,0,0,0,0,0,0,0,0,0,0,0,0,0,0,0,0,0,0,0,0,0,0,0,0,0,0,0,0,0,0,0,0,0,0,0,0,10000,0.5,110866,33211,2807,22157,7600,45092,2022,606,51,404,139,822,1,1,0,-2,-2,-2,-2,-2,-2,-2,-2,-2
34,1,1,1,3,6449.746399,5563,655,5303,799,1,3,1,1,1980,5,6,-2,-2,-2,-2,-2,2,5,-2,-2,20,-2,2,1,1,3,5,1,0,0,0,-2,0,-2,-2,0,-2,-2,1,0,-2,-2,-2,-2,-2,-2,-2,-2,-2,0,-2,-2,-2,-2,1,1,0,0,0,0,0,0,0,0,0,0,0,0,0,0,0,0,0,0,0,0,0,0,0,0,0,0,0,0,0,0,0,0,0,0,0,0,0,0,0,0,0,0,0,0,0,0,0,0,0,0,1,5,0,-2,0,-2,3,1,2,1,3,0,0,-2,1,5,0,4,5,1,1,22,2,2,0,2,1,1,0,-2,-2,-2,-2,-2,-2,-2,-2,-2,-2,-2,-2,-2,0,-2,-2,-2,-2,-2,-2,-2,-2,-2,-2,-2,-2,1,11,5,-2,-2,-2,-2,0,0,0,0,0,0,0,0,0,0,0,0,0,0,0,0,0,0,0,0,0,0,0,0,0,0,0,0,0,0,0,0,0,0,0,0,0,0,0,0,0,0,0,0,0,0,0,0,0,1,1,2,1,3,2,1,1,0,-2,1,5,1,2,2,3,2,1,0,0,1,0,0,0,1,0,0,1,-2,2,-2,2,2,0,-2,0,0,0,0,0,0,0,0,2,-2,2,-2,-2,-2,-2,-2,-2,-2,-2,-2,-2,-2,-2,-2,-2,-2,-2,-2,1,1,2,-2,2,1,-2,-2,-2,-2,-2,-2,-2,-2,-2,-2,-2,1,0,1,0,0,1,1,0,0,0,-2,-2,0,0,0,1,1,2,0,1,2,0,0,0,0,0,0,0,0,0,0,0,0,0,0,0,0,0,0,0,0,0,0,0,0,0,0,0,0,0,0,0,0,0,0,0,0,0,0,0,0,0,0,0,0,0,0,0,0,0,0,0,0,0,0,0,0,0,0,0,0,0,0,0,0,0,0,0,0,0,0,0,0,0,0,0,0,0,0,0,0,0,0,0,0,0,0,0,0,0,0,0,0,0,0,0,0,0,0,0,1,-2,-2,-2,3,1,0,3,-2,-2,-2,0,0,0,0,-2,0,-2,0,0,-2,0,-2,0,-2,0,0,0,-2,-2,-2,0,-2,0,-2,-2,5,1,2,0,-2,-2,66,66,66,0,-2,0,0,0,0,0,0,0,0,0,0,0,0,0,0,0,0,0,0,0,0,0,0,0,0,0,0,0,0,0,0,0,0,1,1,5,0,2,41,0,-2,-2,-2,-2,-2,-2,0,0,0,0,0,0,0,0,0,0,0,0,1,-2,-2,1,-2,0,0,0,5,-2,-2,-2,5,1,1,0,-2,-2,-2,-2,-2,-2,-2,-2,-2,-2,-2,-2,2,2,1,0,-2,0,0,0,0,0,0,0,0,0,0,0,0,0,0,0,0,0,0,0,0,0,0,0,0,0,0,0,-2,0,-2,-2,0,-2,0,-2,0,-2,1,0,0,-2,-2,-2,-2,-2,1,1,30,1,3,-2,-2,2,0,-2,-2,-2,4,0,-2,-2,-2,0,-2,-2,-2,0,0,0,0,0,0,0,0,0,0,0,0,0,0,0,0,0,0,0,0,0,0,0,0,0,1,1,0,0,0,0,0,0,0,0,1,1,1,1,1,0,0,0,0,0,0,0,0,0,0,0,0,0,0,0,0,0,0,0,0,0,0,0,0,0,0,0,0,0,0,-2,-2,1,1,1,1,-2,1,-2,-2,-2,-2,-2,-2,-2,-2,-2,-2,-2,-2,-2,-2,-2,-2,-2,-2,-2,0,0,0,0,0,0,0,0,0,0,0,0,0,0,0,0,0,0,0,0,0,0,0,0,0,0,0,0,2,2,0,0,1,3,1,65,-2,-2,-2,-2,-2,-2,-2,-2,-2,-2,-2,-2,-2,0,0,0,-2,0,1,1,0,0,0,0,9,0,0,-2,-2,0,0,0,0,0,0,0,0,0,0,0,0,0,0,0,0,0,0,0,0,0,0,0,0,0,0,0,0,0,0,0,0,0,0,0,0,0,2013,2013,1342,671,1342,671,0,0,0,0,0,0,3222,0,172.032,838.301,191.064,2020.602,10993,0,586.948,2860.163,651.884,6894.005,768,0,41.006,199.819,45.542,481.633,414,414,0,0,42435,42435,0,0,766,766,0,0,0,0,0,0,0,0,0,0,0,0,0,0,0,0,0,0,0,0,0,0,0,0,0,0,0,0,0,0,0,0,0,0,0,0,0,0,0,0,53428,42435,587,2860,652,6894,1534,766,41,200,46,482,1,1,0,1,1,0,-2,-2,-2,-2,-2,-2
35,3,7,21,3,5634.242393,1836,2966,1911,2613,3,5,1,-2,1980,5,6,-2,-2,-2,-2,-2,6,5,-2,-2,10,-2,3,2,0,4,7,0,0,1,-2,-2,-2,-2,-2,-2,-2,-2,-2,1,0,-2,0,-2,-2,0,-2,-2,1,1,2,2,0,0,-2,-2,1,0,0,0,0,0,0,0,0,0,0,0,0,0,0,0,0,0,0,0,0,0,0,0,0,0,0,0,0,0,0,0,0,0,0,0,0,0,0,0,0,0,0,0,0,0,0,0,0,0,1,5,0,-2,0,-2,4,1,2,1,1,1,0,-2,0,-2,1,3,5,1,1,21,4,2,1,42,-2,-2,-2,-2,-2,-2,-2,-2,-2,-2,-2,-2,-2,-2,-2,-2,0,-2,-2,-2,-2,-2,-2,-2,-2,-2,-2,-2,-2,1,20,41,-2,-2,-2,-2,0,0,0,0,0,0,0,0,0,0,0,0,0,0,0,0,0,0,0,0,0,0,0,0,0,0,0,0,0,0,0,0,0,0,0,0,0,0,0,0,0,0,0,0,0,0,0,0,0,1,1,3,3,3,41,-2,-2,-2,-2,1,5,1,3,2,2,1,1,1,-2,0,0,1,0,0,0,0,3,-2,3,-2,1,1,1,0,0,0,0,0,1,0,0,0,1,-2,1,-2,-2,-2,-2,-2,-2,-2,-2,-2,-2,-2,-2,-2,-2,-2,-2,-2,1,2,2,-2,5,0,1,2,-2,5,1,-2,-2,-2,-2,-2,-2,1,0,0,1,0,1,1,0,0,0,-2,0,0,0,1,1,1,2,1,1,2,0,0,0,0,0,0,0,0,0,0,0,0,0,0,0,0,0,0,0,0,0,0,0,0,0,0,0,0,0,0,0,0,0,0,0,0,0,0,0,0,0,0,0,0,0,0,0,0,0,0,0,0,0,0,0,0,0,0,0,0,0,0,0,0,0,0,0,0,0,0,0,0,0,0,0,0,0,0,0,0,0,0,0,0,0,0,0,0,0,0,0,0,0,0,0,0,0,0,0,1,-2,-2,-2,4,5,1,42,-2,2,6,0,1,0,0,-2,0,-2,0,0,-2,0,-2,0,-2,1,0,0,-2,-2,-2,0,-2,0,-2,1,7,1,1,0,-2,-2,75,77,68,1,1,0,0,0,0,0,0,0,0,0,0,0,0,0,0,0,0,0,0,0,0,0,0,0,0,0,0,0,0,0,0,0,0,1,1,5,0,3,3,0,-2,-2,-2,-2,-2,-2,0,0,0,0,0,0,0,0,0,0,0,0,1,-2,-2,1,-2,1,0,0,42,-2,-2,-2,7,3,1,0,-2,-2,72,75,68,-2,-2,-2,-2,-2,-2,-2,2,1,1,0,-2,0,0,0,0,0,0,0,0,0,0,0,0,0,0,0,0,0,0,0,0,0,0,0,0,0,0,1,1,0,-2,-2,0,-2,5,0,5,0,8,0,1,1,0,1,0,-2,0,0,30,2,2,0,-2,2,0,-2,-2,-2,3,0,-2,-2,-2,0,-2,-2,-2,0,0,0,0,0,0,0,0,0,0,0,0,0,0,0,0,0,0,0,0,0,0,0,0,0,1,0,0,0,0,0,0,0,1,1,1,1,1,1,0,0,0,0,0,0,0,0,0,0,0,0,0,0,0,0,0,0,0,0,0,0,0,0,0,0,0,0,0,0,0,-2,1,1,1,1,1,-2,-2,-2,-2,-2,-2,-2,-2,-2,-2,-2,-2,-2,-2,-2,-2,-2,-2,-2,-2,-2,0,0,0,0,0,0,0,0,0,0,0,0,0,0,0,0,0,0,0,0,0,0,0,0,0,0,0,0,1,0,1,0,1,6,2,58,11,-2,-2,-2,-2,-2,-2,-2,-2,-2,-2,-2,-2,0,1,1,30,1,1,1,0,0,1,0,10,0,0,-2,-2,0,0,1,0,0,0,0,0,0,0,0,0,0,0,0,0,0,0,0,0,0,0,0,0,0,0,0,0,0,0,0,0,0,1,0,0,0,1998,1598,1598,400,1598,400,0,0,0,0,0,0,20250,2162.444,5714.088,3021.565,2130.864,7221.039,69093,7378.258,19496.468,10309.579,7270.509,24638.185,2562,273.589,722.938,382.284,269.594,913.595,0,0,0,0,0,0,0,0,0,0,0,0,0,0,0,0,0,0,0,0,0,0,0,0,0,0,0,0,0,0,0,0,0,0,0,0,0,0,0,0,0,0,0,0,0,0,0,0,0,0,69093,7378,19496,10310,7271,24638,2562,274,723,382,270,914,1,1,0,-2,-2,-2,-2,-2,-2,-2,-2,-2
36,3,5,14,2,15141.21186,5339,809,5279,884,4,3,1,-2,1964,3,7,-2,-2,-2,-2,-2,3,5,-2,-2,20,-2,4,1,1,4,8,0,0,1,-2,-2,-2,-2,-2,-2,-2,-2,-2,0,-2,-2,-2,-2,-2,-2,-2,-2,-2,1,1,2,0,0,-2,-2,1,0,0,0,0,0,0,0,0,0,0,0,0,0,0,0,0,0,0,0,0,0,0,0,0,0,0,0,0,0,0,0,0,0,0,0,0,0,0,0,0,0,0,0,0,0,0,0,0,0,1,5,0,-2,0,-2,5,1,2,1,1,1,0,-2,0,-2,0,3,5,1,1,21,3,2,1,41,-2,-2,-2,-2,-2,-2,-2,-2,-2,-2,-2,-2,-2,-2,-2,-2,0,-2,-2,-2,-2,-2,-2,-2,-2,-2,-2,-2,-2,1,13,41,-2,-2,-2,-2,0,0,0,0,0,0,0,0,1,0,0,0,0,0,0,0,0,0,0,0,0,0,0,0,0,0,0,0,0,0,0,0,0,0,0,0,0,0,0,0,0,0,0,0,0,0,0,0,0,1,1,3,2,3,41,-2,-2,-2,-2,1,5,1,41,2,1,2,0,-2,0,0,0,0,0,0,0,0,2,-2,1,-2,2,1,0,-2,0,1,0,0,0,1,0,0,1,-2,1,-2,-2,-2,-2,-2,-2,-2,-2,-2,-2,-2,-2,-2,-2,-2,-2,-2,1,2,2,-2,3,0,1,1,0,1,0,1,-2,-2,-2,-2,-2,1,0,1,0,0,1,1,0,0,0,-2,-2,0,1,1,1,1,2,0,1,2,1,0,0,0,0,0,0,0,0,0,0,0,0,0,0,0,0,0,0,0,0,0,0,0,0,0,0,0,0,0,0,0,0,0,0,0,0,0,0,0,0,0,0,0,0,0,0,0,0,0,0,0,0,0,0,0,0,0,0,0,0,0,0,0,0,1,0,0,0,0,0,0,0,0,0,0,0,0,0,0,0,0,0,0,0,0,0,0,0,0,0,0,0,0,0,0,0,0,0,1,-2,-2,-2,3,5,0,42,-2,-2,-2,0,1,0,0,-2,0,-2,0,0,-2,0,-2,0,-2,1,0,0,-2,-2,-2,0,-2,0,-2,1,4,1,1,1,0,0,73,53,70,0,-2,0,0,0,0,0,0,0,0,0,0,0,0,0,0,0,0,0,0,0,0,0,0,0,0,0,0,0,0,0,0,0,0,1,1,5,0,2,1,1,0,-2,-2,-2,-2,-2,0,0,0,0,0,0,0,0,0,0,0,0,1,-2,-2,1,-2,0,0,0,5,-2,-2,-2,4,1,1,1,0,0,-2,-2,-2,-2,-2,-2,-2,-2,-2,-2,5,3,1,0,-2,0,0,0,0,0,0,0,0,0,0,0,0,0,0,0,0,0,0,0,0,0,0,0,0,0,0,0,-2,0,-2,-2,0,-2,0,-2,0,-2,1,0,2,2,0,1,0,-2,0,0,30,2,3,-2,-2,1,0,-2,-2,-2,4,0,-2,-2,-2,0,-2,-2,-2,0,0,0,0,0,0,0,0,0,0,0,0,0,0,0,0,0,0,0,0,0,0,0,0,0,1,0,0,0,0,0,0,0,1,1,1,1,1,1,0,0,0,0,0,0,0,0,0,0,0,0,0,0,0,0,0,0,0,0,0,0,0,0,0,0,0,0,0,0,0,-2,1,1,1,1,1,-2,-2,-2,-2,-2,-2,-2,-2,-2,-2,-2,-2,-2,-2,-2,-2,-2,-2,-2,-2,-2,0,0,0,0,0,0,0,0,0,0,0,0,0,0,0,0,0,0,0,0,0,0,0,0,0,0,0,0,1,1,0,0,1,5,1,59,-2,-2,-2,-2,-2,-2,-2,-2,-2,-2,-2,-2,-2,0,0,0,-2,0,1,0,0,0,0,0,19,0,0,-2,-2,0,0,0,0,0,0,0,0,0,0,0,0,0,0,0,0,0,0,0,0,0,0,0,0,0,0,0,0,0,0,0,0,0,0,0,0,0,2191,1941,971,1221,971,1221,0,0,0,0,0,0,19950,6167.917,487.532,2331.857,1943.421,9019.273,68069,21044.808,1663.45,7956.249,6630.914,30773.579,1727,533.934,42.204,201.86,168.235,780.766,0,0,0,0,0,0,0,0,0,0,0,0,0,0,0,0,0,0,0,0,0,0,0,0,0,0,0,0,0,0,0,0,0,0,0,0,0,0,0,0,0,0,0,0,0,0,0,0,0,0,68069,21045,1663,7956,6631,30774,1727,534,42,202,168,781,1,1,0,-2,-2,-2,-2,-2,-2,-2,-2,-2
37,3,5,14,2,12153.00007,3981,1573,5443,806,4,3,1,-2,1983,5,6,-2,-2,-2,-2,-2,3,6,-2,-2,40,-2,3,1,1,5,8,0,0,1,-2,-2,-2,-2,-2,-2,-2,-2,-2,1,0,-2,0,-2,-2,0,-2,-2,1,1,2,2,0,0,-2,-2,1,0,0,0,0,0,0,0,0,0,0,0,0,0,0,0,0,0,0,0,0,0,0,0,0,0,0,0,0,0,0,0,0,0,0,0,0,0,0,0,0,0,0,0,0,0,0,0,0,0,0,-2,1,2,1,2,5,1,2,1,3,0,1,2,0,-2,1,2,2,1,2,21,4,2,1,3,1,-2,-2,-2,22,3,2,12,2,1,-2,-2,-2,-2,-2,-2,1,1,2,3,1,42,-2,-2,-2,-2,-2,-2,-2,1,13,41,-2,-2,-2,-2,0,0,0,0,0,0,0,0,0,0,0,0,0,0,0,0,0,0,0,0,0,0,0,0,0,0,0,0,0,0,0,0,0,0,0,0,0,0,0,0,0,0,0,0,0,0,0,0,0,1,2,3,3,3,2,1,1,1,3,1,2,1,2,4,3,4,1,1,-2,0,1,0,0,1,1,0,4,3,4,3,3,4,1,0,0,0,1,0,0,1,0,0,2,3,3,3,1,1,0,-2,0,1,0,0,0,0,0,0,2,-2,2,-2,1,4,1,1,4,1,-2,2,-2,3,1,-2,2,-2,3,0,1,1,0,0,1,0,1,1,0,0,0,-2,-2,0,1,1,0,1,1,-2,3,3,1,0,0,0,0,0,0,0,0,0,0,0,0,0,0,0,0,0,0,0,0,0,0,0,0,0,0,0,0,0,0,0,0,0,0,0,0,0,0,0,0,0,0,0,0,0,0,0,0,0,0,0,0,0,0,0,0,0,0,0,0,0,0,0,0,0,0,0,0,0,0,0,0,0,0,0,0,0,0,0,0,0,0,0,0,0,0,0,0,0,0,0,0,0,0,0,0,0,0,1,-2,-2,-2,4,5,0,2,1,3,1,0,1,0,0,-2,0,-2,0,0,-2,0,-2,0,-2,1,0,0,-2,-2,-2,0,-2,0,-2,2,8,1,1,1,1,1,64,61,61,0,-2,0,0,0,0,0,0,0,0,0,0,0,0,0,0,0,0,0,0,0,0,0,0,0,0,0,0,0,0,0,0,0,0,1,1,5,0,3,2,0,-2,-2,-2,-2,-2,-2,0,0,0,0,0,0,0,0,0,0,0,0,1,-2,-2,1,-2,1,0,0,2,1,3,1,8,1,1,1,1,1,-2,-2,-2,-2,-2,-2,-2,-2,-2,-2,2,3,1,0,-2,0,0,0,0,0,0,0,0,0,0,0,0,0,0,0,0,0,0,0,0,0,0,0,0,0,0,0,-2,0,-2,-2,1,5,0,-2,0,-2,2,2,0,-2,-2,1,0,-2,1,2,50,2,3,-2,-2,2,0,-2,-2,-2,3,0,-2,-2,-2,0,-2,-2,-2,0,0,0,0,0,0,0,0,0,0,0,0,0,0,0,0,0,0,0,0,0,0,0,0,0,1,0,1,0,0,0,0,0,1,1,1,1,0,1,0,0,0,0,0,0,0,0,1,1,0,0,0,0,0,0,0,0,0,0,0,0,0,0,0,0,0,0,0,0,0,-2,1,1,-2,1,1,-2,-2,-2,-2,-2,-2,-2,-2,1,-2,1,-2,-2,-2,-2,-2,-2,-2,-2,-2,-2,0,0,0,0,0,0,0,0,0,0,0,0,0,0,0,0,0,0,0,0,0,0,0,0,0,0,0,0,2,1,1,0,1,2,5,52,11,7,3,2,-2,-2,-2,-2,-2,-2,-2,-2,-2,0,0,0,-2,0,1,0,0,0,1,0,16,0,0,-2,-2,0,0,0,0,0,0,0,0,0,0,0,0,0,0,0,0,0,0,0,0,0,0,0,0,0,0,0,0,0,0,0,0,0,0,0,0,0,3822,3422,3422,400,3422,400,0,0,0,0,0,0,36967,7519.177,3359.547,6535.392,2736.971,16815.914,126131,25655.349,11462.736,22298.685,9338.514,57375.715,5647,1148.613,513.197,998.332,418.094,2568.763,0,0,0,0,0,0,0,0,0,0,0,0,90,0,0,90,8219,0,0,8219.348,529,0,0,529.239,0,0,0,0,0,0,0,0,0,0,0,0,0,0,0,0,0,0,0,0,0,0,0,0,0,0,134350,25655,11463,22299,9339,65595,6176,1149,513,998,418,3098,1,1,0,-2,-2,-2,1,0,-2,-2,-2,-2
38,2,4,12,2,3512.472472,5456,872,4976,1335,4,3,2,-2,1970,4,8,-2,-2,-2,-2,-2,2,5,-2,-2,20,-2,3,1,1,4,7,0,0,0,-2,-2,-2,-2,-2,-2,-2,-2,-2,0,-2,-2,-2,-2,-2,-2,-2,-2,-2,1,2,2,1,1,-2,-2,0,0,0,0,0,0,0,0,0,0,0,0,0,0,0,0,0,0,0,0,0,0,0,0,0,0,0,0,0,0,0,0,0,0,0,0,0,0,0,0,0,0,0,0,0,0,0,0,0,0,1,5,0,-2,0,-2,4,1,2,1,2,1,1,21,0,-2,0,3,5,1,1,21,3,2,1,2,0,1,0,-2,-2,-2,-2,-2,-2,-2,-2,-2,-2,-2,-2,-2,1,1,2,1,2,3,-2,-2,-2,-2,-2,-2,-2,1,13,3,0,-2,-2,-2,0,0,0,0,0,0,0,0,0,0,0,0,0,0,0,0,0,0,0,0,0,0,0,0,0,0,0,0,0,0,0,0,0,0,0,0,0,0,0,0,0,0,0,0,0,0,0,0,0,1,1,2,2,2,2,0,1,0,-2,1,5,1,2,3,2,1,1,0,0,1,0,0,0,0,0,0,3,-2,3,-2,2,3,1,1,-2,0,0,0,0,0,0,0,1,-2,1,-2,1,1,0,-2,0,0,0,0,0,0,0,0,1,-2,1,-2,1,1,1,1,1,0,0,-2,-2,-2,-2,-2,-2,-2,-2,-2,-2,0,-2,-2,-2,-2,-2,1,0,0,0,-2,-2,0,0,0,0,2,2,2,1,2,0,0,0,0,0,0,0,0,0,0,0,0,0,0,0,0,0,0,0,0,0,0,0,0,0,0,0,0,0,0,0,0,0,0,0,0,0,0,0,0,0,0,0,0,0,0,0,0,0,0,0,0,0,0,0,0,0,0,0,0,0,0,0,0,0,0,0,0,0,0,0,0,0,0,0,0,0,0,0,0,0,0,0,0,0,0,0,0,0,0,0,0,0,0,0,0,0,0,0,1,-2,-2,-2,3,1,0,3,-2,-2,-2,0,0,0,0,-2,0,-2,0,0,-2,0,-2,0,-2,0,0,0,-2,-2,-2,0,-2,0,-2,-2,7,1,1,0,-2,-2,72,72,72,0,-2,0,0,0,0,0,0,0,0,0,0,0,0,0,0,0,0,0,0,0,0,0,0,0,0,0,0,0,0,0,0,0,1,0,2,1,0,-2,41,-2,-2,-2,-2,-2,-2,-2,0,0,0,0,0,0,0,0,0,0,0,0,1,-2,-2,1,-2,0,0,0,3,-2,-2,-2,7,1,1,0,-2,-2,-2,-2,-2,-2,-2,-2,-2,-2,-2,-2,1,1,1,0,-2,0,0,0,0,0,0,0,0,0,0,0,0,0,0,0,0,0,0,0,0,0,0,0,0,0,0,0,-2,0,-2,-2,0,-2,2,0,4,0,0,-2,0,-2,-2,-2,-2,-2,1,1,41,2,3,-2,-2,1,0,-2,-2,-2,3,0,-2,-2,-2,0,-2,-2,-2,0,0,0,0,0,0,0,0,0,0,0,0,0,0,0,0,0,0,0,0,0,0,0,0,0,1,1,0,0,0,0,0,1,0,0,1,0,1,1,1,0,1,0,0,0,0,0,0,0,0,0,0,0,0,0,0,0,0,0,0,0,0,0,0,0,0,0,0,0,0,-2,-2,-2,1,1,1,-2,1,1,-2,-2,-2,-2,-2,-2,-2,-2,-2,-2,-2,-2,-2,-2,-2,-2,-2,-2,0,0,0,0,0,0,0,0,0,0,0,0,0,0,0,0,0,0,0,0,0,0,0,0,0,0,0,0,1,1,0,0,1,2,1,64,-2,-2,-2,-2,-2,-2,-2,-2,-2,-2,-2,-2,-2,0,0,0,-2,0,1,0,0,0,0,0,9,0,0,0,0,0,0,0,0,0,0,0,0,0,0,0,0,0,0,0,0,0,0,0,0,0,0,0,0,0,0,0,0,0,0,0,0,0,0,0,0,0,3120,3120,3120,0,3120,0,1,1,1,1,1,1,7435,0,1069.484,0,1217.582,5147.934,25368,0,3649.049,0,4154.352,17564.599,922,0,132.625,0,150.99,638.385,904,695.214,208.786,0,92660,71259.457,21400.543,0,1045,803.649,241.351,0,0,0,0,0,0,0,0,0,0,0,0,0,0,0,0,0,0,0,0,0,0,0,0,0,0,0,0,0,0,0,0,0,0,0,0,0,0,0,118028,71259,3649,21401,4154,17565,1967,804,133,241,151,638,1,1,0,1,1,0,-2,-2,-2,-2,-2,-2
39,3,7,21,1,11960.43926,1946,2902,2217,2488,3,5,1,-2,2000,7,7,-2,-2,-2,-2,-2,3,5,-2,-2,10,0,3,2,0,2,5,-2,-2,-2,-2,-2,-2,-2,-2,-2,-2,-2,-2,-2,-2,-2,-2,-2,-2,-2,-2,-2,-2,0,-2,-2,-2,-2,0,-2,1,0,0,0,0,0,0,0,0,0,0,0,0,0,0,0,0,0,0,0,0,0,0,0,0,0,0,0,0,0,0,0,0,0,0,0,0,0,0,0,0,0,0,0,0,0,0,0,0,0,1,5,0,-2,0,-2,3,1,2,1,2,0,1,2,0,-2,0,2,5,1,1,21,4,2,0,1,1,1,0,-2,-2,-2,-2,-2,-2,-2,-2,-2,-2,-2,-2,-2,1,1,1,3,1,2,1,0,-2,-2,-2,-2,-2,1,13,2,0,1,0,-2,0,0,0,0,0,0,0,0,0,0,0,0,0,0,0,0,0,0,0,0,0,0,0,0,0,0,0,0,0,0,0,0,0,0,0,0,0,0,0,0,0,0,0,0,0,0,0,0,0,1,1,3,3,3,1,0,1,0,-2,1,5,1,1,2,3,1,1,0,0,0,1,0,1,1,0,0,2,1,3,2,2,1,0,-2,0,0,1,0,0,1,0,0,1,4,2,4,-2,-2,-2,-2,-2,-2,-2,-2,-2,-2,-2,-2,-2,-2,-2,-2,1,3,1,1,3,1,-2,2,-2,2,1,-2,2,-2,2,1,-2,1,0,0,1,0,1,0,0,0,0,-2,0,0,0,0,0,0,-2,-2,3,2,0,0,0,0,0,0,0,0,0,0,0,0,0,0,0,0,0,0,0,0,0,0,0,0,0,0,0,0,0,0,0,0,0,0,0,0,0,0,0,0,0,0,0,0,0,0,0,0,0,0,0,0,0,0,0,0,0,0,0,0,0,0,0,0,0,0,0,0,0,0,0,0,0,0,0,0,0,0,0,0,0,0,0,0,0,0,0,0,0,0,0,0,0,0,0,0,0,0,0,1,-2,-2,-2,3,5,1,3,-2,0,-2,0,1,0,0,-2,0,-2,0,0,-2,0,-2,0,-2,0,0,1,7,-2,-2,0,-2,0,-2,2,5,1,1,0,-2,-2,68,68,68,0,-2,0,0,0,0,0,0,0,0,0,0,0,0,0,0,0,0,0,0,0,0,0,0,0,0,0,0,0,0,0,0,0,0,1,1,5,0,2,3,0,-2,-2,-2,-2,-2,-2,0,0,0,0,0,0,0,0,0,0,0,0,1,-2,-2,1,-2,0,0,1,3,-2,0,-2,5,3,1,0,-2,-2,78,78,78,-2,-2,-2,-2,-2,-2,-2,3,3,1,0,-2,0,0,0,0,0,0,0,0,0,0,0,0,0,0,0,0,0,0,0,0,0,0,0,0,0,0,-2,-2,-2,-2,-2,0,-2,0,-2,0,-2,3,0,-2,-2,-2,-2,-2,-2,0,0,41,1,3,-2,-2,1,0,-2,-2,-2,4,0,-2,-2,-2,0,-2,-2,-2,0,0,0,0,0,0,0,0,0,0,0,0,0,0,0,0,0,0,0,0,0,0,0,0,0,1,0,1,0,0,1,0,0,1,0,1,1,1,1,0,0,0,0,0,0,0,0,0,1,0,0,0,0,0,0,0,0,1,1,0,0,0,0,0,0,0,0,0,0,0,-2,1,1,1,1,1,-2,-2,-2,-2,-2,-2,-2,-2,-2,-2,-2,-2,-2,-2,-2,1,0,0,0,1,-2,0,0,0,0,0,0,0,0,0,0,0,0,0,0,0,0,0,0,0,0,0,0,0,0,0,0,0,0,1,2,1,0,1,2,4,43,9,5,4,-2,-2,-2,-2,-2,-2,-2,-2,-2,-2,0,0,0,-2,0,1,0,0,0,0,1,9,0,1,-2,-2,0,0,0,0,0,0,0,0,0,0,0,0,0,0,0,0,0,0,0,0,0,0,0,0,0,0,0,0,0,0,0,0,0,0,0,0,0,1488,1488,1488,0,1488,0,0,0,0,0,0,0,31973,3800.316,6857.807,5279.337,1348.854,14686.685,109092,12966.693,23398.864,18013.119,4602.297,50111.027,3959,470.567,849.156,653.705,167.02,1818.553,0,0,0,0,0,0,0,0,0,0,0,0,0,0,0,0,0,0,0,0,0,0,0,0,0,0,0,0,0,0,0,0,0,0,0,0,0,0,0,0,0,0,0,0,0,0,0,0,10000,0.5,109092,12967,23399,18013,4602,50111,3959,471,849,654,167,1819,1,1,0,-2,-2,-2,-2,-2,-2,-2,-2,-2
